{
    "latitude": 48.8568,
    "longitude": 2.35108,
    "timezone": "Europe/Paris",
    "offset": 2,
    "currently": {
        "time": 1470236709,
        "summary": "Partly Cloudy",
        "icon": "partly-cloudy-day",
        "precipIntensity": 0,
        "precipProbability": 0,
        "temperature": 83.16,
        "apparentTemperature": 86.38,
        "dewPoint": 68.24,
        "humidity": 0.61,
        "windSpeed": 12.27,
        "windBearing": 230,
        "cloudCover": 0.31,
        "pressure": 1013.23,
        "ozone": 299.06
    },
    "hourly": {
        "summary": "Mostly cloudy throughout the day.",
        "icon": "partly-cloudy-day",
        "data": [
            {
                "time": 1470175200,
                "summary": "Mostly Cloudy",
                "icon": "partly-cloudy-night",
                "precipIntensity": 0.003,
                "precipProbability": 0.09,
                "precipType": "rain",
                "temperature": 69.99,
                "apparentTemperature": 69.99,
                "dewPoint": 66.46,
                "humidity": 0.89,
                "windSpeed": 6.98,
                "windBearing": 235,
                "cloudCover": 0.91,
                "pressure": 1017,
                "ozone": 299.26
            },
            {
                "time": 1470178800,
                "summary": "Mostly Cloudy",
                "icon": "partly-cloudy-night",
                "precipIntensity": 0.0028,
                "precipProbability": 0.08,
                "precipType": "rain",
                "temperature": 68.02,
                "apparentTemperature": 68.02,
                "dewPoint": 64.77,
                "humidity": 0.89,
                "windSpeed": 7.87,
                "windBearing": 232,
                "cloudCover": 0.83,
                "pressure": 1016.91,
                "ozone": 298.48
            },
            {
                "time": 1470182400,
                "summary": "Mostly Cloudy",
                "icon": "partly-cloudy-night",
                "precipIntensity": 0.0025,
                "precipProbability": 0.07,
                "precipType": "rain",
                "temperature": 65.63,
                "apparentTemperature": 65.63,
                "dewPoint": 62.64,
                "humidity": 0.9,
                "windSpeed": 8.64,
                "windBearing": 231,
                "cloudCover": 0.76,
                "pressure": 1016.82,
                "ozone": 297.7
            },
            {
                "time": 1470186000,
                "summary": "Partly Cloudy",
                "icon": "partly-cloudy-night",
                "precipIntensity": 0.0022,
                "precipProbability": 0.06,
                "precipType": "rain",
                "temperature": 63.92,
                "apparentTemperature": 63.92,
                "dewPoint": 61.26,
                "humidity": 0.91,
                "windSpeed": 9.09,
                "windBearing": 229,
                "cloudCover": 0.59,
                "pressure": 1016.51,
                "ozone": 297.62
            },
            {
                "time": 1470189600,
                "summary": "Partly Cloudy",
                "icon": "partly-cloudy-night",
                "precipIntensity": 0.0018,
                "precipProbability": 0.04,
                "precipType": "rain",
                "temperature": 63.5,
                "apparentTemperature": 63.5,
                "dewPoint": 61.18,
                "humidity": 0.92,
                "windSpeed": 9.43,
                "windBearing": 227,
                "cloudCover": 0.41,
                "pressure": 1016.11,
                "ozone": 297.86
            },
            {
                "time": 1470193200,
                "summary": "Partly Cloudy",
                "icon": "partly-cloudy-night",
                "precipIntensity": 0.0016,
                "precipProbability": 0.03,
                "precipType": "rain",
                "temperature": 64,
                "apparentTemperature": 64,
                "dewPoint": 61.89,
                "humidity": 0.93,
                "windSpeed": 9.67,
                "windBearing": 226,
                "cloudCover": 0.34,
                "pressure": 1015.78,
                "ozone": 298.17
            },
            {
                "time": 1470196800,
                "summary": "Partly Cloudy",
                "icon": "partly-cloudy-night",
                "precipIntensity": 0.0019,
                "precipProbability": 0.04,
                "precipType": "rain",
                "temperature": 64.11,
                "apparentTemperature": 64.11,
                "dewPoint": 62.12,
                "humidity": 0.93,
                "windSpeed": 9.74,
                "windBearing": 225,
                "cloudCover": 0.49,
                "pressure": 1015.62,
                "ozone": 298.48
            },
            {
                "time": 1470200400,
                "summary": "Mostly Cloudy",
                "icon": "partly-cloudy-day",
                "precipIntensity": 0.0023,
                "precipProbability": 0.06,
                "precipType": "rain",
                "temperature": 64.23,
                "apparentTemperature": 64.23,
                "dewPoint": 62.21,
                "humidity": 0.93,
                "windSpeed": 9.69,
                "windBearing": 224,
                "cloudCover": 0.75,
                "pressure": 1015.53,
                "ozone": 298.85
            },
            {
                "time": 1470204000,
                "summary": "Mostly Cloudy",
                "icon": "partly-cloudy-day",
                "precipIntensity": 0.0025,
                "precipProbability": 0.07,
                "precipType": "rain",
                "temperature": 64.55,
                "apparentTemperature": 64.55,
                "dewPoint": 62.09,
                "humidity": 0.92,
                "windSpeed": 9.62,
                "windBearing": 223,
                "cloudCover": 0.93,
                "pressure": 1015.47,
                "ozone": 299.28
            },
            {
                "time": 1470207600,
                "summary": "Overcast",
                "icon": "cloudy",
                "precipIntensity": 0.002,
                "precipProbability": 0.05,
                "precipType": "rain",
                "temperature": 65.46,
                "apparentTemperature": 65.46,
                "dewPoint": 61.89,
                "humidity": 0.88,
                "windSpeed": 9.91,
                "windBearing": 223,
                "cloudCover": 0.94,
                "pressure": 1015.44,
                "ozone": 299.83
            },
            {
                "time": 1470211200,
                "summary": "Mostly Cloudy",
                "icon": "partly-cloudy-day",
                "precipIntensity": 0.0012,
                "precipProbability": 0.02,
                "precipType": "rain",
                "temperature": 67.03,
                "apparentTemperature": 67.03,
                "dewPoint": 61.82,
                "humidity": 0.83,
                "windSpeed": 10.38,
                "windBearing": 225,
                "cloudCover": 0.87,
                "pressure": 1015.43,
                "ozone": 300.43
            },
            {
                "time": 1470214800,
                "summary": "Mostly Cloudy",
                "icon": "partly-cloudy-day",
                "precipIntensity": 0,
                "precipProbability": 0,
                "temperature": 69.03,
                "apparentTemperature": 69.03,
                "dewPoint": 62.08,
                "humidity": 0.79,
                "windSpeed": 10.92,
                "windBearing": 226,
                "cloudCover": 0.82,
                "pressure": 1015.34,
                "ozone": 300.83
            },
            {
                "time": 1470218400,
                "summary": "Mostly Cloudy",
                "icon": "partly-cloudy-day",
                "precipIntensity": 0,
                "precipProbability": 0,
                "temperature": 71.27,
                "apparentTemperature": 71.27,
                "dewPoint": 62.63,
                "humidity": 0.74,
                "windSpeed": 11.52,
                "windBearing": 226,
                "cloudCover": 0.85,
                "pressure": 1015.13,
                "ozone": 300.92
            },
            {
                "time": 1470222000,
                "summary": "Mostly Cloudy",
                "icon": "partly-cloudy-day",
                "precipIntensity": 0,
                "precipProbability": 0,
                "temperature": 73.93,
                "apparentTemperature": 73.93,
                "dewPoint": 63.58,
                "humidity": 0.7,
                "windSpeed": 12.15,
                "windBearing": 226,
                "cloudCover": 0.88,
                "pressure": 1014.84,
                "ozone": 300.81
            },
            {
                "time": 1470225600,
                "summary": "Mostly Cloudy",
                "icon": "partly-cloudy-day",
                "precipIntensity": 0,
                "precipProbability": 0,
                "temperature": 76.93,
                "apparentTemperature": 76.93,
                "dewPoint": 65.03,
                "humidity": 0.67,
                "windSpeed": 12.59,
                "windBearing": 227,
                "cloudCover": 0.85,
                "pressure": 1014.49,
                "ozone": 300.57
            },
            {
                "time": 1470229200,
                "summary": "Mostly Cloudy",
                "icon": "partly-cloudy-day",
                "precipIntensity": 0,
                "precipProbability": 0,
                "temperature": 80,
                "apparentTemperature": 80,
                "dewPoint": 66.6,
                "humidity": 0.64,
                "windSpeed": 12.78,
                "windBearing": 227,
                "cloudCover": 0.67,
                "pressure": 1014.08,
                "ozone": 300.2
            },
            {
                "time": 1470232800,
                "summary": "Partly Cloudy",
                "icon": "partly-cloudy-day",
                "precipIntensity": 0,
                "precipProbability": 0,
                "temperature": 82.29,
                "apparentTemperature": 85.11,
                "dewPoint": 67.63,
                "humidity": 0.61,
                "windSpeed": 12.73,
                "windBearing": 228,
                "cloudCover": 0.42,
                "pressure": 1013.62,
                "ozone": 299.7
            },
            {
                "time": 1470236400,
                "summary": "Partly Cloudy",
                "icon": "partly-cloudy-day",
                "precipIntensity": 0,
                "precipProbability": 0,
                "temperature": 83.27,
                "apparentTemperature": 86.5,
                "dewPoint": 68.24,
                "humidity": 0.61,
                "windSpeed": 12.35,
                "windBearing": 229,
                "cloudCover": 0.3,
                "pressure": 1013.25,
                "ozone": 299.12
            },
            {
                "time": 1470240000,
                "summary": "Partly Cloudy",
                "icon": "partly-cloudy-day",
                "precipIntensity": 0,
                "precipProbability": 0,
                "temperature": 82.08,
                "apparentTemperature": 85.12,
                "dewPoint": 68.2,
                "humidity": 0.63,
                "windSpeed": 11.4,
                "windBearing": 232,
                "cloudCover": 0.42,
                "pressure": 1013.01,
                "ozone": 298.43
            },
            {
                "time": 1470243600,
                "summary": "Mostly Cloudy",
                "icon": "partly-cloudy-day",
                "precipIntensity": 0,
                "precipProbability": 0,
                "temperature": 79.58,
                "apparentTemperature": 79.58,
                "dewPoint": 67.66,
                "humidity": 0.67,
                "windSpeed": 10.2,
                "windBearing": 234,
                "cloudCover": 0.68,
                "pressure": 1012.88,
                "ozone": 297.68
            },
            {
                "time": 1470247200,
                "summary": "Mostly Cloudy",
                "icon": "partly-cloudy-day",
                "precipIntensity": 0,
                "precipProbability": 0,
                "temperature": 77.24,
                "apparentTemperature": 77.24,
                "dewPoint": 67.07,
                "humidity": 0.71,
                "windSpeed": 9.3,
                "windBearing": 234,
                "cloudCover": 0.87,
                "pressure": 1012.87,
                "ozone": 297.02
            },
            {
                "time": 1470250800,
                "summary": "Overcast",
                "icon": "cloudy",
                "precipIntensity": 0,
                "precipProbability": 0,
                "temperature": 75.53,
                "apparentTemperature": 75.53,
                "dewPoint": 66.69,
                "humidity": 0.74,
                "windSpeed": 8.72,
                "windBearing": 235,
                "cloudCover": 0.94,
                "pressure": 1013.07,
                "ozone": 296.48
            },
            {
                "time": 1470254400,
                "summary": "Overcast",
                "icon": "cloudy",
                "precipIntensity": 0,
                "precipProbability": 0,
                "temperature": 74.68,
                "apparentTemperature": 74.68,
                "dewPoint": 67.08,
                "humidity": 0.77,
                "windSpeed": 8.23,
                "windBearing": 236,
                "cloudCover": 0.98,
                "pressure": 1013.32,
                "ozone": 296.04
            },
            {
                "time": 1470258000,
                "summary": "Overcast",
                "icon": "cloudy",
                "precipIntensity": 0,
                "precipProbability": 0,
                "temperature": 74.07,
                "apparentTemperature": 74.07,
                "dewPoint": 67.69,
                "humidity": 0.81,
                "windSpeed": 7.93,
                "windBearing": 238,
                "cloudCover": 0.99,
                "pressure": 1013.51,
                "ozone": 295.8
            }
        ]
    },
    "daily": {
        "data": [
            {
                "time": 1470175200,
                "summary": "Mostly cloudy throughout the day.",
                "icon": "partly-cloudy-day",
                "sunriseTime": 1470198496,
                "sunsetTime": 1470252464,
                "moonPhase": 0.02,
                "precipIntensity": 0.0013,
                "precipIntensityMax": 0.003,
                "precipIntensityMaxTime": 1470175200,
                "precipProbability": 0.09,
                "precipType": "rain",
                "temperatureMin": 63.5,
                "temperatureMinTime": 1470189600,
                "temperatureMax": 83.27,
                "temperatureMaxTime": 1470236400,
                "apparentTemperatureMin": 63.5,
                "apparentTemperatureMinTime": 1470189600,
                "apparentTemperatureMax": 86.5,
                "apparentTemperatureMaxTime": 1470236400,
                "dewPoint": 64.52,
                "humidity": 0.79,
                "windSpeed": 10.05,
                "windBearing": 229,
                "cloudCover": 0.73,
                "pressure": 1014.83,
                "ozone": 298.73
            }
        ]
    },
    "flags": {
        "sources": [
            "gfs",
            "cmc",
            "fnmoc",
            "metno_ne",
            "metno_ce",
            "isd"
        ],
        "metno-license": "Based on data from the Norwegian Meteorological Institute. (http://api.met.no/)",
        "isd-stations": [
            "071470-99999",
            "071490-99999",
            "071500-99999",
            "071540-99999",
            "071560-99999"
        ],
        "units": "us"
    }
}
