{
  "latitude": 48.8568,
  "longitude": 2.35108,
  "timezone": "Europe/Paris",
  "offset": 2,
  "currently": {
    "time": 1470669138,
    "summary": "Clear",
    "icon": "clear-day",
    "precipIntensity": 0,
    "precipProbability": 0,
    "temperature": 83.62,
    "apparentTemperature": 85.22,
    "dewPoint": 64.52,
    "humidity": 0.53,
    "windSpeed": 7.5,
    "windBearing": 23,
    "cloudCover": 0,
    "pressure": 1021.96,
    "ozone": 284.16
  },
  "hourly": {
    "summary": "Clear throughout the day.",
    "icon": "clear-day",
    "data": [
      {
        "time": 1470607200,
        "summary": "Clear",
        "icon": "clear-night",
        "precipIntensity": 0,
        "precipProbability": 0,
        "temperature": 66.73,
        "apparentTemperature": 66.73,
        "dewPoint": 62.76,
        "humidity": 0.87,
        "windSpeed": 6.21,
        "windBearing": 4,
        "cloudCover": 0,
        "pressure": 1025.79,
        "ozone": 287.07
      },
      {
        "time": 1470610800,
        "summary": "Clear",
        "icon": "clear-night",
        "precipIntensity": 0,
        "precipProbability": 0,
        "temperature": 63.74,
        "apparentTemperature": 63.74,
        "dewPoint": 60.4,
        "humidity": 0.89,
        "windSpeed": 5.96,
        "windBearing": 6,
        "cloudCover": 0,
        "pressure": 1025.68,
        "ozone": 287.03
      },
      {
        "time": 1470614400,
        "summary": "Clear",
        "icon": "clear-night",
        "precipIntensity": 0,
        "precipProbability": 0,
        "temperature": 59.68,
        "apparentTemperature": 59.68,
        "dewPoint": 56.95,
        "humidity": 0.91,
        "windSpeed": 5.7,
        "windBearing": 9,
        "cloudCover": 0,
        "pressure": 1025.57,
        "ozone": 287
      },
      {
        "time": 1470618000,
        "summary": "Clear",
        "icon": "clear-night",
        "precipIntensity": 0,
        "precipProbability": 0,
        "temperature": 58.7,
        "apparentTemperature": 58.7,
        "dewPoint": 56.31,
        "humidity": 0.92,
        "windSpeed": 5.62,
        "windBearing": 10,
        "cloudCover": 0,
        "pressure": 1025.32,
        "ozone": 286.7
      },
      {
        "time": 1470621600,
        "summary": "Clear",
        "icon": "clear-night",
        "precipIntensity": 0,
        "precipProbability": 0,
        "temperature": 60.15,
        "apparentTemperature": 60.15,
        "dewPoint": 58,
        "humidity": 0.93,
        "windSpeed": 5.59,
        "windBearing": 10,
        "cloudCover": 0,
        "pressure": 1025.02,
        "ozone": 286.31
      },
      {
        "time": 1470625200,
        "summary": "Clear",
        "icon": "clear-night",
        "precipIntensity": 0,
        "precipProbability": 0,
        "temperature": 61.38,
        "apparentTemperature": 61.38,
        "dewPoint": 59.31,
        "humidity": 0.93,
        "windSpeed": 5.58,
        "windBearing": 11,
        "cloudCover": 0,
        "pressure": 1024.76,
        "ozone": 286
      },
      {
        "time": 1470628800,
        "summary": "Clear",
        "icon": "clear-night",
        "precipIntensity": 0,
        "precipProbability": 0,
        "temperature": 61.09,
        "apparentTemperature": 61.09,
        "dewPoint": 58.95,
        "humidity": 0.93,
        "windSpeed": 5.55,
        "windBearing": 12,
        "cloudCover": 0,
        "pressure": 1024.59,
        "ozone": 285.88
      },
      {
        "time": 1470632400,
        "summary": "Clear",
        "icon": "clear-day",
        "precipIntensity": 0,
        "precipProbability": 0,
        "temperature": 60.96,
        "apparentTemperature": 60.96,
        "dewPoint": 58.55,
        "humidity": 0.92,
        "windSpeed": 5.54,
        "windBearing": 14,
        "cloudCover": 0,
        "pressure": 1024.47,
        "ozone": 285.85
      },
      {
        "time": 1470636000,
        "summary": "Clear",
        "icon": "clear-day",
        "precipIntensity": 0,
        "precipProbability": 0,
        "temperature": 61.8,
        "apparentTemperature": 61.8,
        "dewPoint": 58.63,
        "humidity": 0.89,
        "windSpeed": 5.53,
        "windBearing": 16,
        "cloudCover": 0,
        "pressure": 1024.33,
        "ozone": 285.8
      },
      {
        "time": 1470639600,
        "summary": "Clear",
        "icon": "clear-day",
        "precipIntensity": 0,
        "precipProbability": 0,
        "temperature": 64.52,
        "apparentTemperature": 64.52,
        "dewPoint": 59.72,
        "humidity": 0.84,
        "windSpeed": 5.52,
        "windBearing": 20,
        "cloudCover": 0,
        "pressure": 1024.15,
        "ozone": 285.67
      },
      {
        "time": 1470643200,
        "summary": "Clear",
        "icon": "clear-day",
        "precipIntensity": 0,
        "precipProbability": 0,
        "temperature": 68.3,
        "apparentTemperature": 68.3,
        "dewPoint": 61.11,
        "humidity": 0.78,
        "windSpeed": 5.52,
        "windBearing": 25,
        "cloudCover": 0,
        "pressure": 1024.09,
        "ozone": 285.52
      },
      {
        "time": 1470646800,
        "summary": "Clear",
        "icon": "clear-day",
        "precipIntensity": 0,
        "precipProbability": 0,
        "temperature": 71.95,
        "apparentTemperature": 71.95,
        "dewPoint": 62.14,
        "humidity": 0.71,
        "windSpeed": 5.72,
        "windBearing": 27,
        "cloudCover": 0,
        "pressure": 1024.05,
        "ozone": 285.4
      },
      {
        "time": 1470650400,
        "summary": "Clear",
        "icon": "clear-day",
        "precipIntensity": 0,
        "precipProbability": 0,
        "temperature": 75.79,
        "apparentTemperature": 75.79,
        "dewPoint": 63.37,
        "humidity": 0.65,
        "windSpeed": 5.98,
        "windBearing": 28,
        "cloudCover": 0,
        "pressure": 1023.86,
        "ozone": 285.38
      },
      {
        "time": 1470654000,
        "summary": "Clear",
        "icon": "clear-day",
        "precipIntensity": 0,
        "precipProbability": 0,
        "temperature": 78.68,
        "apparentTemperature": 78.68,
        "dewPoint": 63.68,
        "humidity": 0.6,
        "windSpeed": 6.13,
        "windBearing": 28,
        "cloudCover": 0,
        "pressure": 1023.57,
        "ozone": 285.39
      },
      {
        "time": 1470657600,
        "summary": "Clear",
        "icon": "clear-day",
        "precipIntensity": 0,
        "precipProbability": 0,
        "temperature": 80.92,
        "apparentTemperature": 82.44,
        "dewPoint": 63.84,
        "humidity": 0.56,
        "windSpeed": 6.29,
        "windBearing": 28,
        "cloudCover": 0,
        "pressure": 1023.23,
        "ozone": 285.3
      },
      {
        "time": 1470661200,
        "summary": "Clear",
        "icon": "clear-day",
        "precipIntensity": 0,
        "precipProbability": 0,
        "temperature": 82.73,
        "apparentTemperature": 84.21,
        "dewPoint": 64.1,
        "humidity": 0.53,
        "windSpeed": 6.63,
        "windBearing": 26,
        "cloudCover": 0,
        "pressure": 1022.84,
        "ozone": 285.07
      },
      {
        "time": 1470664800,
        "summary": "Clear",
        "icon": "clear-day",
        "precipIntensity": 0,
        "precipProbability": 0,
        "temperature": 83.86,
        "apparentTemperature": 85.35,
        "dewPoint": 64.26,
        "humidity": 0.52,
        "windSpeed": 7.08,
        "windBearing": 25,
        "cloudCover": 0,
        "pressure": 1022.42,
        "ozone": 284.75
      },
      {
        "time": 1470668400,
        "summary": "Clear",
        "icon": "clear-day",
        "precipIntensity": 0,
        "precipProbability": 0,
        "temperature": 83.85,
        "apparentTemperature": 85.4,
        "dewPoint": 64.41,
        "humidity": 0.52,
        "windSpeed": 7.45,
        "windBearing": 23,
        "cloudCover": 0,
        "pressure": 1022.03,
        "ozone": 284.3
      },
      {
        "time": 1470672000,
        "summary": "Clear",
        "icon": "clear-day",
        "precipIntensity": 0,
        "precipProbability": 0,
        "temperature": 82.71,
        "apparentTemperature": 84.48,
        "dewPoint": 64.9,
        "humidity": 0.55,
        "windSpeed": 7.67,
        "windBearing": 22,
        "cloudCover": 0,
        "pressure": 1021.7,
        "ozone": 283.61
      },
      {
        "time": 1470675600,
        "summary": "Clear",
        "icon": "clear-day",
        "precipIntensity": 0,
        "precipProbability": 0,
        "temperature": 80.68,
        "apparentTemperature": 82.61,
        "dewPoint": 65.37,
        "humidity": 0.6,
        "windSpeed": 7.78,
        "windBearing": 22,
        "cloudCover": 0.01,
        "pressure": 1021.44,
        "ozone": 282.81
      },
      {
        "time": 1470679200,
        "summary": "Clear",
        "icon": "clear-day",
        "precipIntensity": 0,
        "precipProbability": 0,
        "temperature": 78.12,
        "apparentTemperature": 78.12,
        "dewPoint": 65.39,
        "humidity": 0.65,
        "windSpeed": 7.72,
        "windBearing": 23,
        "cloudCover": 0.01,
        "pressure": 1021.28,
        "ozone": 282.2
      },
      {
        "time": 1470682800,
        "summary": "Clear",
        "icon": "clear-day",
        "precipIntensity": 0,
        "precipProbability": 0,
        "temperature": 74.74,
        "apparentTemperature": 74.74,
        "dewPoint": 64.76,
        "humidity": 0.71,
        "windSpeed": 7.43,
        "windBearing": 26,
        "cloudCover": 0.01,
        "pressure": 1021.29,
        "ozone": 281.93
      },
      {
        "time": 1470686400,
        "summary": "Clear",
        "icon": "clear-night",
        "precipIntensity": 0,
        "precipProbability": 0,
        "temperature": 70.8,
        "apparentTemperature": 70.8,
        "dewPoint": 63.59,
        "humidity": 0.78,
        "windSpeed": 6.95,
        "windBearing": 31,
        "cloudCover": 0,
        "pressure": 1021.4,
        "ozone": 281.86
      },
      {
        "time": 1470690000,
        "summary": "Clear",
        "icon": "clear-night",
        "precipIntensity": 0,
        "precipProbability": 0,
        "temperature": 67.67,
        "apparentTemperature": 67.67,
        "dewPoint": 62.5,
        "humidity": 0.84,
        "windSpeed": 6.4,
        "windBearing": 36,
        "cloudCover": 0,
        "pressure": 1021.41,
        "ozone": 281.9
      }
    ]
  },
  "daily": {
    "data": [
      {
        "time": 1470607200,
        "summary": "Clear throughout the day.",
        "icon": "clear-day",
        "sunriseTime": 1470630912,
        "sunsetTime": 1470683991,
        "moonPhase": 0.18,
        "precipIntensity": 0,
        "precipIntensityMax": 0,
        "precipProbability": 0,
        "temperatureMin": 58.7,
        "temperatureMinTime": 1470618000,
        "temperatureMax": 83.86,
        "temperatureMaxTime": 1470664800,
        "apparentTemperatureMin": 58.7,
        "apparentTemperatureMinTime": 1470618000,
        "apparentTemperatureMax": 85.35,
        "apparentTemperatureMaxTime": 1470664800,
        "dewPoint": 61.79,
        "humidity": 0.75,
        "windSpeed": 6.25,
        "windBearing": 20,
        "cloudCover": 0,
        "pressure": 1023.51,
        "ozone": 284.95
      }
    ]
  },
  "flags": {
    "sources": [
      "gfs",
      "cmc",
      "fnmoc",
      "isd"
    ],
    "isd-stations": [
      "071470-99999",
      "071490-99999",
      "071500-99999",
      "071540-99999",
      "071560-99999"
    ],
    "units": "us"
  }
}
