{
  "latitude": 48.8568,
  "longitude": 2.35108,
  "timezone": "Europe/Paris",
  "offset": 2,
  "currently": {
    "time": 1470582686,
    "summary": "Clear",
    "icon": "clear-day",
    "precipIntensity": 0,
    "precipProbability": 0,
    "temperature": 81.92,
    "apparentTemperature": 83.06,
    "dewPoint": 62.84,
    "humidity": 0.53,
    "windSpeed": 6.93,
    "windBearing": 14,
    "cloudCover": 0,
    "pressure": 1026.11,
    "ozone": 285.92
  },
  "hourly": {
    "summary": "Clear throughout the day.",
    "icon": "clear-day",
    "data": [
      {
        "time": 1470520800,
        "summary": "Clear",
        "icon": "clear-night",
        "precipIntensity": 0,
        "precipProbability": 0,
        "temperature": 64.25,
        "apparentTemperature": 64.25,
        "dewPoint": 57.65,
        "humidity": 0.79,
        "windSpeed": 5.64,
        "windBearing": 4,
        "cloudCover": 0,
        "pressure": 1028.37,
        "ozone": 290.6
      },
      {
        "time": 1470524400,
        "summary": "Clear",
        "icon": "clear-night",
        "precipIntensity": 0,
        "precipProbability": 0,
        "temperature": 60.28,
        "apparentTemperature": 60.28,
        "dewPoint": 54.59,
        "humidity": 0.81,
        "windSpeed": 5.27,
        "windBearing": 6,
        "cloudCover": 0,
        "pressure": 1028.48,
        "ozone": 289.9
      },
      {
        "time": 1470528000,
        "summary": "Clear",
        "icon": "clear-night",
        "precipIntensity": 0,
        "precipProbability": 0,
        "temperature": 55.77,
        "apparentTemperature": 55.77,
        "dewPoint": 50.96,
        "humidity": 0.84,
        "windSpeed": 4.92,
        "windBearing": 8,
        "cloudCover": 0,
        "pressure": 1028.58,
        "ozone": 289.2
      },
      {
        "time": 1470531600,
        "summary": "Clear",
        "icon": "clear-night",
        "precipIntensity": 0,
        "precipProbability": 0,
        "temperature": 54.51,
        "apparentTemperature": 54.51,
        "dewPoint": 50.19,
        "humidity": 0.85,
        "windSpeed": 4.63,
        "windBearing": 10,
        "cloudCover": 0,
        "pressure": 1028.5,
        "ozone": 289.11
      },
      {
        "time": 1470535200,
        "summary": "Clear",
        "icon": "clear-night",
        "precipIntensity": 0,
        "precipProbability": 0,
        "temperature": 56.16,
        "apparentTemperature": 56.16,
        "dewPoint": 52.15,
        "humidity": 0.86,
        "windSpeed": 4.33,
        "windBearing": 11,
        "cloudCover": 0,
        "pressure": 1028.35,
        "ozone": 289.27
      },
      {
        "time": 1470538800,
        "summary": "Clear",
        "icon": "clear-night",
        "precipIntensity": 0,
        "precipProbability": 0,
        "temperature": 57.67,
        "apparentTemperature": 57.67,
        "dewPoint": 53.69,
        "humidity": 0.87,
        "windSpeed": 4.08,
        "windBearing": 10,
        "cloudCover": 0,
        "pressure": 1028.24,
        "ozone": 289.3
      },
      {
        "time": 1470542400,
        "summary": "Clear",
        "icon": "clear-night",
        "precipIntensity": 0,
        "precipProbability": 0,
        "temperature": 57.76,
        "apparentTemperature": 57.76,
        "dewPoint": 53.5,
        "humidity": 0.86,
        "windSpeed": 3.91,
        "windBearing": 9,
        "cloudCover": 0,
        "pressure": 1028.22,
        "ozone": 289.07
      },
      {
        "time": 1470546000,
        "summary": "Clear",
        "icon": "clear-day",
        "precipIntensity": 0,
        "precipProbability": 0,
        "temperature": 58.21,
        "apparentTemperature": 58.21,
        "dewPoint": 53.33,
        "humidity": 0.84,
        "windSpeed": 3.82,
        "windBearing": 8,
        "cloudCover": 0,
        "pressure": 1028.25,
        "ozone": 288.71
      },
      {
        "time": 1470549600,
        "summary": "Clear",
        "icon": "clear-day",
        "precipIntensity": 0,
        "precipProbability": 0,
        "temperature": 59.28,
        "apparentTemperature": 59.28,
        "dewPoint": 53.32,
        "humidity": 0.81,
        "windSpeed": 3.86,
        "windBearing": 8,
        "cloudCover": 0,
        "pressure": 1028.27,
        "ozone": 288.2
      },
      {
        "time": 1470553200,
        "summary": "Clear",
        "icon": "clear-day",
        "precipIntensity": 0,
        "precipProbability": 0,
        "temperature": 61.65,
        "apparentTemperature": 61.65,
        "dewPoint": 53.73,
        "humidity": 0.75,
        "windSpeed": 4.06,
        "windBearing": 9,
        "cloudCover": 0,
        "pressure": 1028.3,
        "ozone": 287.43
      },
      {
        "time": 1470556800,
        "summary": "Clear",
        "icon": "clear-day",
        "precipIntensity": 0,
        "precipProbability": 0,
        "temperature": 65.19,
        "apparentTemperature": 65.19,
        "dewPoint": 54.5,
        "humidity": 0.68,
        "windSpeed": 4.35,
        "windBearing": 8,
        "cloudCover": 0,
        "pressure": 1028.31,
        "ozone": 286.52
      },
      {
        "time": 1470560400,
        "summary": "Clear",
        "icon": "clear-day",
        "precipIntensity": 0,
        "precipProbability": 0,
        "temperature": 68.85,
        "apparentTemperature": 68.85,
        "dewPoint": 55.28,
        "humidity": 0.62,
        "windSpeed": 4.62,
        "windBearing": 8,
        "cloudCover": 0,
        "pressure": 1028.22,
        "ozone": 285.8
      },
      {
        "time": 1470564000,
        "summary": "Clear",
        "icon": "clear-day",
        "precipIntensity": 0,
        "precipProbability": 0,
        "temperature": 72.37,
        "apparentTemperature": 72.37,
        "dewPoint": 56.21,
        "humidity": 0.57,
        "windSpeed": 4.83,
        "windBearing": 9,
        "cloudCover": 0,
        "pressure": 1027.97,
        "ozone": 285.39
      },
      {
        "time": 1470567600,
        "summary": "Clear",
        "icon": "clear-day",
        "precipIntensity": 0,
        "precipProbability": 0,
        "temperature": 75.62,
        "apparentTemperature": 75.62,
        "dewPoint": 57.21,
        "humidity": 0.53,
        "windSpeed": 5.07,
        "windBearing": 10,
        "cloudCover": 0,
        "pressure": 1027.62,
        "ozone": 285.16
      },
      {
        "time": 1470571200,
        "summary": "Clear",
        "icon": "clear-day",
        "precipIntensity": 0,
        "precipProbability": 0,
        "temperature": 78.36,
        "apparentTemperature": 78.36,
        "dewPoint": 58.41,
        "humidity": 0.5,
        "windSpeed": 5.4,
        "windBearing": 11,
        "cloudCover": 0,
        "pressure": 1027.27,
        "ozone": 285.1
      },
      {
        "time": 1470574800,
        "summary": "Clear",
        "icon": "clear-day",
        "precipIntensity": 0,
        "precipProbability": 0,
        "temperature": 80.5,
        "apparentTemperature": 81.21,
        "dewPoint": 59.87,
        "humidity": 0.5,
        "windSpeed": 5.86,
        "windBearing": 12,
        "cloudCover": 0,
        "pressure": 1026.91,
        "ozone": 285.28
      },
      {
        "time": 1470578400,
        "summary": "Clear",
        "icon": "clear-day",
        "precipIntensity": 0,
        "precipProbability": 0,
        "temperature": 81.84,
        "apparentTemperature": 82.6,
        "dewPoint": 61.35,
        "humidity": 0.5,
        "windSpeed": 6.43,
        "windBearing": 13,
        "cloudCover": 0,
        "pressure": 1026.52,
        "ozone": 285.62
      },
      {
        "time": 1470582000,
        "summary": "Clear",
        "icon": "clear-day",
        "precipIntensity": 0,
        "precipProbability": 0,
        "temperature": 82.03,
        "apparentTemperature": 83.09,
        "dewPoint": 62.57,
        "humidity": 0.52,
        "windSpeed": 6.93,
        "windBearing": 14,
        "cloudCover": 0,
        "pressure": 1026.17,
        "ozone": 285.9
      },
      {
        "time": 1470585600,
        "summary": "Clear",
        "icon": "clear-day",
        "precipIntensity": 0,
        "precipProbability": 0,
        "temperature": 81.44,
        "apparentTemperature": 82.94,
        "dewPoint": 63.92,
        "humidity": 0.55,
        "windSpeed": 6.94,
        "windBearing": 14,
        "cloudCover": 0,
        "pressure": 1025.87,
        "ozone": 285.98
      },
      {
        "time": 1470589200,
        "summary": "Clear",
        "icon": "clear-day",
        "precipIntensity": 0,
        "precipProbability": 0,
        "temperature": 79.74,
        "apparentTemperature": 79.74,
        "dewPoint": 64.77,
        "humidity": 0.6,
        "windSpeed": 6.24,
        "windBearing": 15,
        "cloudCover": 0,
        "pressure": 1025.64,
        "ozone": 286
      },
      {
        "time": 1470592800,
        "summary": "Clear",
        "icon": "clear-day",
        "precipIntensity": 0,
        "precipProbability": 0,
        "temperature": 77.06,
        "apparentTemperature": 77.06,
        "dewPoint": 64.71,
        "humidity": 0.66,
        "windSpeed": 5.69,
        "windBearing": 15,
        "cloudCover": 0,
        "pressure": 1025.52,
        "ozone": 286.1
      },
      {
        "time": 1470596400,
        "summary": "Clear",
        "icon": "clear-day",
        "precipIntensity": 0,
        "precipProbability": 0,
        "temperature": 73.27,
        "apparentTemperature": 73.27,
        "dewPoint": 63.79,
        "humidity": 0.72,
        "windSpeed": 6.09,
        "windBearing": 11,
        "cloudCover": 0,
        "pressure": 1025.58,
        "ozone": 286.41
      },
      {
        "time": 1470600000,
        "summary": "Clear",
        "icon": "clear-night",
        "precipIntensity": 0,
        "precipProbability": 0,
        "temperature": 69,
        "apparentTemperature": 69,
        "dewPoint": 62.36,
        "humidity": 0.79,
        "windSpeed": 6.71,
        "windBearing": 5,
        "cloudCover": 0,
        "pressure": 1025.75,
        "ozone": 286.82
      },
      {
        "time": 1470603600,
        "summary": "Clear",
        "icon": "clear-night",
        "precipIntensity": 0,
        "precipProbability": 0,
        "temperature": 65.47,
        "apparentTemperature": 65.47,
        "dewPoint": 60.9,
        "humidity": 0.85,
        "windSpeed": 6.71,
        "windBearing": 2,
        "cloudCover": 0,
        "pressure": 1025.87,
        "ozone": 287.1
      }
    ]
  },
  "daily": {
    "data": [
      {
        "time": 1470520800,
        "summary": "Clear throughout the day.",
        "icon": "clear-day",
        "sunriseTime": 1470544428,
        "sunsetTime": 1470597689,
        "moonPhase": 0.15,
        "precipIntensity": 0,
        "precipIntensityMax": 0,
        "precipProbability": 0,
        "temperatureMin": 54.51,
        "temperatureMinTime": 1470531600,
        "temperatureMax": 82.03,
        "temperatureMaxTime": 1470582000,
        "apparentTemperatureMin": 54.51,
        "apparentTemperatureMinTime": 1470531600,
        "apparentTemperatureMax": 83.09,
        "apparentTemperatureMaxTime": 1470582000,
        "dewPoint": 57.46,
        "humidity": 0.7,
        "windSpeed": 5.26,
        "windBearing": 10,
        "cloudCover": 0,
        "pressure": 1027.37,
        "ozone": 287.25
      }
    ]
  },
  "flags": {
    "sources": [
      "gfs",
      "cmc",
      "fnmoc",
      "isd"
    ],
    "isd-stations": [
      "071470-99999",
      "071490-99999",
      "071500-99999",
      "071540-99999",
      "071560-99999"
    ],
    "units": "us"
  }
}
