{
  "latitude": 48.8568,
  "longitude": 2.35108,
  "timezone": "Europe/Paris",
  "offset": 2,
  "currently": {
    "time": 1470323227,
    "summary": "Drizzle",
    "icon": "rain",
    "precipIntensity": 0.0096,
    "precipProbability": 0.42,
    "precipType": "rain",
    "temperature": 68.92,
    "apparentTemperature": 68.92,
    "dewPoint": 61.65,
    "humidity": 0.78,
    "windSpeed": 6.31,
    "windBearing": 249,
    "cloudCover": 1,
    "pressure": 1013.93,
    "ozone": 308.18
  },
  "hourly": {
    "summary": "Light rain starting in the morning, continuing until evening.",
    "icon": "rain",
    "data": [
      {
        "time": 1470261600,
        "summary": "Overcast",
        "icon": "cloudy",
        "precipIntensity": 0.001,
        "precipProbability": 0.01,
        "precipType": "rain",
        "temperature": 72.64,
        "apparentTemperature": 72.64,
        "dewPoint": 67.42,
        "humidity": 0.84,
        "windSpeed": 8.07,
        "windBearing": 241,
        "cloudCover": 0.99,
        "pressure": 1013.53,
        "ozone": 295.97
      },
      {
        "time": 1470265200,
        "summary": "Overcast",
        "icon": "cloudy",
        "precipIntensity": 0.0014,
        "precipProbability": 0.03,
        "precipType": "rain",
        "temperature": 70.8,
        "apparentTemperature": 70.8,
        "dewPoint": 66.68,
        "humidity": 0.87,
        "windSpeed": 8.11,
        "windBearing": 244,
        "cloudCover": 0.99,
        "pressure": 1013.52,
        "ozone": 296.15
      },
      {
        "time": 1470268800,
        "summary": "Overcast",
        "icon": "cloudy",
        "precipIntensity": 0.0017,
        "precipProbability": 0.04,
        "precipType": "rain",
        "temperature": 68.86,
        "apparentTemperature": 68.86,
        "dewPoint": 65.79,
        "humidity": 0.9,
        "windSpeed": 8.12,
        "windBearing": 247,
        "cloudCover": 0.99,
        "pressure": 1013.52,
        "ozone": 296.32
      },
      {
        "time": 1470272400,
        "summary": "Overcast",
        "icon": "cloudy",
        "precipIntensity": 0.0028,
        "precipProbability": 0.08,
        "precipType": "rain",
        "temperature": 67.01,
        "apparentTemperature": 67.01,
        "dewPoint": 64.68,
        "humidity": 0.92,
        "windSpeed": 7.41,
        "windBearing": 250,
        "cloudCover": 0.99,
        "pressure": 1013.36,
        "ozone": 297.11
      },
      {
        "time": 1470276000,
        "summary": "Overcast",
        "icon": "cloudy",
        "precipIntensity": 0.0044,
        "precipProbability": 0.16,
        "precipType": "rain",
        "temperature": 64.72,
        "apparentTemperature": 64.72,
        "dewPoint": 63.01,
        "humidity": 0.94,
        "windSpeed": 6.42,
        "windBearing": 254,
        "cloudCover": 0.99,
        "pressure": 1013.14,
        "ozone": 298.2
      },
      {
        "time": 1470279600,
        "summary": "Drizzle",
        "icon": "rain",
        "precipIntensity": 0.0061,
        "precipProbability": 0.24,
        "precipType": "rain",
        "temperature": 62.72,
        "apparentTemperature": 62.72,
        "dewPoint": 61.34,
        "humidity": 0.95,
        "windSpeed": 5.51,
        "windBearing": 258,
        "cloudCover": 0.98,
        "pressure": 1013,
        "ozone": 299.52
      },
      {
        "time": 1470283200,
        "summary": "Drizzle",
        "icon": "rain",
        "precipIntensity": 0.0072,
        "precipProbability": 0.3,
        "precipType": "rain",
        "temperature": 61.31,
        "apparentTemperature": 61.31,
        "dewPoint": 59.96,
        "humidity": 0.95,
        "windSpeed": 4.9,
        "windBearing": 262,
        "cloudCover": 0.98,
        "pressure": 1013.07,
        "ozone": 301.37
      },
      {
        "time": 1470286800,
        "summary": "Drizzle",
        "icon": "rain",
        "precipIntensity": 0.0082,
        "precipProbability": 0.36,
        "precipType": "rain",
        "temperature": 60.02,
        "apparentTemperature": 60.02,
        "dewPoint": 58.44,
        "humidity": 0.94,
        "windSpeed": 3.61,
        "windBearing": 274,
        "cloudCover": 0.98,
        "pressure": 1013.23,
        "ozone": 303.45
      },
      {
        "time": 1470290400,
        "summary": "Drizzle",
        "icon": "rain",
        "precipIntensity": 0.0082,
        "precipProbability": 0.36,
        "precipType": "rain",
        "temperature": 60.24,
        "apparentTemperature": 60.24,
        "dewPoint": 58.15,
        "humidity": 0.93,
        "windSpeed": 3.48,
        "windBearing": 276,
        "cloudCover": 0.98,
        "pressure": 1013.38,
        "ozone": 304.91
      },
      {
        "time": 1470294000,
        "summary": "Drizzle",
        "icon": "rain",
        "precipIntensity": 0.008,
        "precipProbability": 0.35,
        "precipType": "rain",
        "temperature": 60.97,
        "apparentTemperature": 60.97,
        "dewPoint": 57.88,
        "humidity": 0.9,
        "windSpeed": 3.5,
        "windBearing": 280,
        "cloudCover": 0.99,
        "pressure": 1013.47,
        "ozone": 305.14
      },
      {
        "time": 1470297600,
        "summary": "Drizzle",
        "icon": "rain",
        "precipIntensity": 0.0078,
        "precipProbability": 0.34,
        "precipType": "rain",
        "temperature": 62.07,
        "apparentTemperature": 62.07,
        "dewPoint": 57.62,
        "humidity": 0.85,
        "windSpeed": 3.65,
        "windBearing": 283,
        "cloudCover": 0.99,
        "pressure": 1013.56,
        "ozone": 304.73
      },
      {
        "time": 1470301200,
        "summary": "Drizzle",
        "icon": "rain",
        "precipIntensity": 0.0085,
        "precipProbability": 0.38,
        "precipType": "rain",
        "temperature": 63.24,
        "apparentTemperature": 63.24,
        "dewPoint": 57.61,
        "humidity": 0.82,
        "windSpeed": 3.78,
        "windBearing": 283,
        "cloudCover": 1,
        "pressure": 1013.63,
        "ozone": 304.61
      },
      {
        "time": 1470304800,
        "summary": "Light Rain",
        "icon": "rain",
        "precipIntensity": 0.0112,
        "precipProbability": 0.44,
        "precipType": "rain",
        "temperature": 64.35,
        "apparentTemperature": 64.35,
        "dewPoint": 58.1,
        "humidity": 0.8,
        "windSpeed": 3.75,
        "windBearing": 279,
        "cloudCover": 1,
        "pressure": 1013.68,
        "ozone": 305.23
      },
      {
        "time": 1470308400,
        "summary": "Light Rain",
        "icon": "rain",
        "precipIntensity": 0.0148,
        "precipProbability": 0.46,
        "precipType": "rain",
        "temperature": 65.43,
        "apparentTemperature": 65.43,
        "dewPoint": 58.92,
        "humidity": 0.79,
        "windSpeed": 3.72,
        "windBearing": 271,
        "cloudCover": 1,
        "pressure": 1013.71,
        "ozone": 306.14
      },
      {
        "time": 1470312000,
        "summary": "Light Rain",
        "icon": "rain",
        "precipIntensity": 0.0167,
        "precipProbability": 0.47,
        "precipType": "rain",
        "temperature": 66.46,
        "apparentTemperature": 66.46,
        "dewPoint": 59.76,
        "humidity": 0.79,
        "windSpeed": 3.95,
        "windBearing": 263,
        "cloudCover": 1,
        "pressure": 1013.75,
        "ozone": 306.9
      },
      {
        "time": 1470315600,
        "summary": "Light Rain",
        "icon": "rain",
        "precipIntensity": 0.0155,
        "precipProbability": 0.47,
        "precipType": "rain",
        "temperature": 67.46,
        "apparentTemperature": 67.46,
        "dewPoint": 60.49,
        "humidity": 0.78,
        "windSpeed": 4.75,
        "windBearing": 252,
        "cloudCover": 1,
        "pressure": 1013.82,
        "ozone": 306.96
      },
      {
        "time": 1470319200,
        "summary": "Light Rain",
        "icon": "rain",
        "precipIntensity": 0.0125,
        "precipProbability": 0.45,
        "precipType": "rain",
        "temperature": 68.34,
        "apparentTemperature": 68.34,
        "dewPoint": 61.14,
        "humidity": 0.78,
        "windSpeed": 5.77,
        "windBearing": 247,
        "cloudCover": 1,
        "pressure": 1013.89,
        "ozone": 306.87
      },
      {
        "time": 1470322800,
        "summary": "Light Rain",
        "icon": "rain",
        "precipIntensity": 0.0098,
        "precipProbability": 0.42,
        "precipType": "rain",
        "temperature": 68.89,
        "apparentTemperature": 68.89,
        "dewPoint": 61.62,
        "humidity": 0.78,
        "windSpeed": 6.32,
        "windBearing": 249,
        "cloudCover": 1,
        "pressure": 1013.93,
        "ozone": 307.85
      },
      {
        "time": 1470326400,
        "summary": "Drizzle",
        "icon": "rain",
        "precipIntensity": 0.0081,
        "precipProbability": 0.35,
        "precipType": "rain",
        "temperature": 69.09,
        "apparentTemperature": 69.09,
        "dewPoint": 61.9,
        "humidity": 0.78,
        "windSpeed": 6.27,
        "windBearing": 252,
        "cloudCover": 1,
        "pressure": 1013.89,
        "ozone": 310.62
      },
      {
        "time": 1470330000,
        "summary": "Drizzle",
        "icon": "rain",
        "precipIntensity": 0.0067,
        "precipProbability": 0.28,
        "precipType": "rain",
        "temperature": 68.89,
        "apparentTemperature": 68.89,
        "dewPoint": 61.94,
        "humidity": 0.79,
        "windSpeed": 5.96,
        "windBearing": 256,
        "cloudCover": 1,
        "pressure": 1013.83,
        "ozone": 314.46
      },
      {
        "time": 1470333600,
        "summary": "Drizzle",
        "icon": "rain",
        "precipIntensity": 0.0054,
        "precipProbability": 0.21,
        "precipType": "rain",
        "temperature": 68.11,
        "apparentTemperature": 68.11,
        "dewPoint": 61.66,
        "humidity": 0.8,
        "windSpeed": 5.78,
        "windBearing": 259,
        "cloudCover": 1,
        "pressure": 1013.91,
        "ozone": 318.44
      },
      {
        "time": 1470337200,
        "summary": "Overcast",
        "icon": "cloudy",
        "precipIntensity": 0.0038,
        "precipProbability": 0.13,
        "precipType": "rain",
        "temperature": 66.52,
        "apparentTemperature": 66.52,
        "dewPoint": 61.01,
        "humidity": 0.82,
        "windSpeed": 5.93,
        "windBearing": 261,
        "cloudCover": 0.98,
        "pressure": 1014.27,
        "ozone": 322.67
      },
      {
        "time": 1470340800,
        "summary": "Overcast",
        "icon": "cloudy",
        "precipIntensity": 0.0022,
        "precipProbability": 0.06,
        "precipType": "rain",
        "temperature": 64.45,
        "apparentTemperature": 64.45,
        "dewPoint": 60.12,
        "humidity": 0.86,
        "windSpeed": 6.2,
        "windBearing": 263,
        "cloudCover": 0.95,
        "pressure": 1014.78,
        "ozone": 327.05
      },
      {
        "time": 1470344400,
        "summary": "Mostly Cloudy",
        "icon": "partly-cloudy-night",
        "precipIntensity": 0.001,
        "precipProbability": 0.01,
        "precipType": "rain",
        "temperature": 61.56,
        "apparentTemperature": 61.56,
        "dewPoint": 58.2,
        "humidity": 0.89,
        "windSpeed": 6.28,
        "windBearing": 263,
        "cloudCover": 0.9,
        "pressure": 1015.26,
        "ozone": 330.27
      }
    ]
  },
  "daily": {
    "data": [
      {
        "time": 1470261600,
        "summary": "Light rain until evening.",
        "icon": "rain",
        "sunriseTime": 1470284978,
        "sunsetTime": 1470338773,
        "moonPhase": 0.06,
        "precipIntensity": 0.0072,
        "precipIntensityMax": 0.0167,
        "precipIntensityMaxTime": 1470312000,
        "precipProbability": 0.47,
        "precipType": "rain",
        "temperatureMin": 60.02,
        "temperatureMinTime": 1470286800,
        "temperatureMax": 72.64,
        "temperatureMaxTime": 1470261600,
        "apparentTemperatureMin": 60.02,
        "apparentTemperatureMinTime": 1470286800,
        "apparentTemperatureMax": 72.64,
        "apparentTemperatureMaxTime": 1470261600,
        "dewPoint": 60.98,
        "humidity": 0.85,
        "windSpeed": 5.35,
        "windBearing": 258,
        "cloudCover": 0.99,
        "pressure": 1013.71,
        "ozone": 307.12
      }
    ]
  },
  "flags": {
    "sources": [
      "gfs",
      "cmc",
      "fnmoc",
      "metno_ne",
      "metno_ce",
      "isd"
    ],
    "metno-license": "Based on data from the Norwegian Meteorological Institute. (http://api.met.no/)",
    "isd-stations": [
      "071470-99999",
      "071490-99999",
      "071500-99999",
      "071540-99999",
      "071560-99999"
    ],
    "units": "us"
  }
}
