{
    "latitude": 48.8566,
    "longitude": 2.3522,
    "timezone": "Europe/Paris",
    "offset": 2,
    "currently": {
        "time": 1470144608,
        "summary": "Light Rain",
        "icon": "rain",
        "precipIntensity": 0.0247,
        "precipProbability": 0.51,
        "precipType": "rain",
        "temperature": 70.86,
        "apparentTemperature": 70.86,
        "dewPoint": 59.71,
        "humidity": 0.68,
        "windSpeed": 9.52,
        "windBearing": 235,
        "visibility": 6.21,
        "cloudCover": 0.69,
        "pressure": 1017.16,
        "ozone": 305.38
    },
    "hourly": {
        "summary": "Light rain until this evening.",
        "icon": "rain",
        "data": [
            {
                "time": 1470142800,
                "summary": "Light Rain",
                "icon": "rain",
                "precipIntensity": 0.0273,
                "precipProbability": 0.52,
                "precipType": "rain",
                "temperature": 70.09,
                "apparentTemperature": 70.09,
                "dewPoint": 59.37,
                "humidity": 0.69,
                "windSpeed": 10.52,
                "windBearing": 234,
                "visibility": 6.21,
                "cloudCover": 0.56,
                "pressure": 1017.29,
                "ozone": 305.72
            },
            {
                "time": 1470146400,
                "summary": "Light Rain",
                "icon": "rain",
                "precipIntensity": 0.0223,
                "precipProbability": 0.5,
                "precipType": "rain",
                "temperature": 71.63,
                "apparentTemperature": 71.63,
                "dewPoint": 60.05,
                "humidity": 0.67,
                "windSpeed": 8.54,
                "windBearing": 237,
                "visibility": 6.21,
                "cloudCover": 0.81,
                "pressure": 1017.03,
                "ozone": 305.05
            },
            {
                "time": 1470150000,
                "summary": "Light Rain",
                "icon": "rain",
                "precipIntensity": 0.0172,
                "precipProbability": 0.48,
                "precipType": "rain",
                "temperature": 73.2,
                "apparentTemperature": 73.2,
                "dewPoint": 61.47,
                "humidity": 0.67,
                "windSpeed": 7.38,
                "windBearing": 240,
                "visibility": 6.21,
                "cloudCover": 0.87,
                "pressure": 1016.8,
                "ozone": 304.14
            },
            {
                "time": 1470153600,
                "summary": "Light Rain",
                "icon": "rain",
                "precipIntensity": 0.0123,
                "precipProbability": 0.44,
                "precipType": "rain",
                "temperature": 74.3,
                "apparentTemperature": 74.3,
                "dewPoint": 63.6,
                "humidity": 0.69,
                "windSpeed": 6.94,
                "windBearing": 244,
                "visibility": 6.21,
                "cloudCover": 0.9,
                "pressure": 1016.62,
                "ozone": 302.64
            },
            {
                "time": 1470157200,
                "summary": "Drizzle",
                "icon": "rain",
                "precipIntensity": 0.0073,
                "precipProbability": 0.31,
                "precipType": "rain",
                "temperature": 74.63,
                "apparentTemperature": 74.63,
                "dewPoint": 65.67,
                "humidity": 0.74,
                "windSpeed": 6.89,
                "windBearing": 246,
                "visibility": 6.21,
                "cloudCover": 0.9,
                "pressure": 1016.48,
                "ozone": 300.88
            },
            {
                "time": 1470160800,
                "summary": "Mostly Cloudy",
                "icon": "partly-cloudy-day",
                "precipIntensity": 0.0039,
                "precipProbability": 0.13,
                "precipType": "rain",
                "temperature": 73.81,
                "apparentTemperature": 73.81,
                "dewPoint": 66.48,
                "humidity": 0.78,
                "windSpeed": 6.9,
                "windBearing": 247,
                "visibility": 6.21,
                "cloudCover": 0.9,
                "pressure": 1016.46,
                "ozone": 299.66
            },
            {
                "time": 1470164400,
                "summary": "Overcast",
                "icon": "cloudy",
                "precipIntensity": 0.0029,
                "precipProbability": 0.09,
                "precipType": "rain",
                "temperature": 72.1,
                "apparentTemperature": 72.1,
                "dewPoint": 66.14,
                "humidity": 0.82,
                "windSpeed": 6.75,
                "windBearing": 244,
                "cloudCover": 0.94,
                "pressure": 1016.66,
                "ozone": 299.53
            },
            {
                "time": 1470168000,
                "summary": "Overcast",
                "icon": "cloudy",
                "precipIntensity": 0.0032,
                "precipProbability": 0.1,
                "precipType": "rain",
                "temperature": 70.11,
                "apparentTemperature": 70.11,
                "dewPoint": 65.43,
                "humidity": 0.85,
                "windSpeed": 6.52,
                "windBearing": 239,
                "cloudCover": 0.98,
                "pressure": 1016.97,
                "ozone": 299.93
            },
            {
                "time": 1470171600,
                "summary": "Overcast",
                "icon": "cloudy",
                "precipIntensity": 0.0034,
                "precipProbability": 0.11,
                "precipType": "rain",
                "temperature": 68.31,
                "apparentTemperature": 68.31,
                "dewPoint": 64.56,
                "humidity": 0.88,
                "windSpeed": 6.51,
                "windBearing": 234,
                "cloudCover": 0.99,
                "pressure": 1017.17,
                "ozone": 300.03
            },
            {
                "time": 1470175200,
                "summary": "Overcast",
                "icon": "cloudy",
                "precipIntensity": 0.0031,
                "precipProbability": 0.1,
                "precipType": "rain",
                "temperature": 66.92,
                "apparentTemperature": 66.92,
                "dewPoint": 63.64,
                "humidity": 0.89,
                "windSpeed": 7.07,
                "windBearing": 232,
                "cloudCover": 0.94,
                "pressure": 1017.17,
                "ozone": 299.35
            },
            {
                "time": 1470178800,
                "summary": "Mostly Cloudy",
                "icon": "partly-cloudy-night",
                "precipIntensity": 0.0029,
                "precipProbability": 0.09,
                "precipType": "rain",
                "temperature": 66.15,
                "apparentTemperature": 66.15,
                "dewPoint": 63.04,
                "humidity": 0.9,
                "windSpeed": 7.99,
                "windBearing": 231,
                "cloudCover": 0.87,
                "pressure": 1017.06,
                "ozone": 298.37
            },
            {
                "time": 1470182400,
                "summary": "Mostly Cloudy",
                "icon": "partly-cloudy-night",
                "precipIntensity": 0.0027,
                "precipProbability": 0.08,
                "precipType": "rain",
                "temperature": 65.76,
                "apparentTemperature": 65.76,
                "dewPoint": 62.8,
                "humidity": 0.9,
                "windSpeed": 8.75,
                "windBearing": 231,
                "cloudCover": 0.77,
                "pressure": 1016.86,
                "ozone": 297.7
            },
            {
                "time": 1470186000,
                "summary": "Mostly Cloudy",
                "icon": "partly-cloudy-night",
                "precipIntensity": 0.0023,
                "precipProbability": 0.06,
                "precipType": "rain",
                "temperature": 65.31,
                "apparentTemperature": 65.31,
                "dewPoint": 62.66,
                "humidity": 0.91,
                "windSpeed": 9.21,
                "windBearing": 229,
                "cloudCover": 0.61,
                "pressure": 1016.54,
                "ozone": 297.62
            },
            {
                "time": 1470189600,
                "summary": "Partly Cloudy",
                "icon": "partly-cloudy-night",
                "precipIntensity": 0.0019,
                "precipProbability": 0.04,
                "precipType": "rain",
                "temperature": 64.73,
                "apparentTemperature": 64.73,
                "dewPoint": 62.42,
                "humidity": 0.92,
                "windSpeed": 9.59,
                "windBearing": 228,
                "cloudCover": 0.42,
                "pressure": 1016.12,
                "ozone": 297.86
            },
            {
                "time": 1470193200,
                "summary": "Partly Cloudy",
                "icon": "partly-cloudy-night",
                "precipIntensity": 0.0017,
                "precipProbability": 0.04,
                "precipType": "rain",
                "temperature": 64.32,
                "apparentTemperature": 64.32,
                "dewPoint": 62.23,
                "humidity": 0.93,
                "windSpeed": 9.84,
                "windBearing": 227,
                "cloudCover": 0.35,
                "pressure": 1015.78,
                "ozone": 298.17
            },
            {
                "time": 1470196800,
                "summary": "Partly Cloudy",
                "icon": "partly-cloudy-night",
                "precipIntensity": 0.0019,
                "precipProbability": 0.05,
                "precipType": "rain",
                "temperature": 64.04,
                "apparentTemperature": 64.04,
                "dewPoint": 62.07,
                "humidity": 0.93,
                "windSpeed": 9.9,
                "windBearing": 226,
                "cloudCover": 0.5,
                "pressure": 1015.62,
                "ozone": 298.48
            },
            {
                "time": 1470200400,
                "summary": "Mostly Cloudy",
                "icon": "partly-cloudy-day",
                "precipIntensity": 0.0024,
                "precipProbability": 0.06,
                "precipType": "rain",
                "temperature": 64.12,
                "apparentTemperature": 64.12,
                "dewPoint": 62.12,
                "humidity": 0.93,
                "windSpeed": 9.75,
                "windBearing": 224,
                "cloudCover": 0.75,
                "pressure": 1015.54,
                "ozone": 298.85
            },
            {
                "time": 1470204000,
                "summary": "Mostly Cloudy",
                "icon": "partly-cloudy-day",
                "precipIntensity": 0.0025,
                "precipProbability": 0.07,
                "precipType": "rain",
                "temperature": 64.41,
                "apparentTemperature": 64.41,
                "dewPoint": 61.98,
                "humidity": 0.92,
                "windSpeed": 9.75,
                "windBearing": 223,
                "cloudCover": 0.93,
                "pressure": 1015.47,
                "ozone": 299.28
            },
            {
                "time": 1470207600,
                "summary": "Overcast",
                "icon": "cloudy",
                "precipIntensity": 0.002,
                "precipProbability": 0.05,
                "precipType": "rain",
                "temperature": 65.33,
                "apparentTemperature": 65.33,
                "dewPoint": 61.78,
                "humidity": 0.88,
                "windSpeed": 10.04,
                "windBearing": 224,
                "cloudCover": 0.94,
                "pressure": 1015.44,
                "ozone": 299.83
            },
            {
                "time": 1470211200,
                "summary": "Mostly Cloudy",
                "icon": "partly-cloudy-day",
                "precipIntensity": 0.0012,
                "precipProbability": 0.02,
                "precipType": "rain",
                "temperature": 66.96,
                "apparentTemperature": 66.96,
                "dewPoint": 61.77,
                "humidity": 0.83,
                "windSpeed": 10.49,
                "windBearing": 225,
                "cloudCover": 0.87,
                "pressure": 1015.42,
                "ozone": 300.43
            },
            {
                "time": 1470214800,
                "summary": "Mostly Cloudy",
                "icon": "partly-cloudy-day",
                "precipIntensity": 0,
                "precipProbability": 0,
                "temperature": 69.01,
                "apparentTemperature": 69.01,
                "dewPoint": 62.07,
                "humidity": 0.79,
                "windSpeed": 11.01,
                "windBearing": 226,
                "cloudCover": 0.82,
                "pressure": 1015.33,
                "ozone": 300.83
            },
            {
                "time": 1470218400,
                "summary": "Mostly Cloudy",
                "icon": "partly-cloudy-day",
                "precipIntensity": 0,
                "precipProbability": 0,
                "temperature": 71.29,
                "apparentTemperature": 71.29,
                "dewPoint": 62.66,
                "humidity": 0.74,
                "windSpeed": 11.6,
                "windBearing": 226,
                "cloudCover": 0.85,
                "pressure": 1015.11,
                "ozone": 300.92
            },
            {
                "time": 1470222000,
                "summary": "Mostly Cloudy",
                "icon": "partly-cloudy-day",
                "precipIntensity": 0,
                "precipProbability": 0,
                "temperature": 73.98,
                "apparentTemperature": 73.98,
                "dewPoint": 63.63,
                "humidity": 0.7,
                "windSpeed": 12.21,
                "windBearing": 227,
                "cloudCover": 0.88,
                "pressure": 1014.81,
                "ozone": 300.82
            },
            {
                "time": 1470225600,
                "summary": "Mostly Cloudy",
                "icon": "partly-cloudy-day",
                "precipIntensity": 0,
                "precipProbability": 0,
                "temperature": 77.01,
                "apparentTemperature": 77.01,
                "dewPoint": 65.11,
                "humidity": 0.67,
                "windSpeed": 12.66,
                "windBearing": 227,
                "cloudCover": 0.86,
                "pressure": 1014.47,
                "ozone": 300.57
            },
            {
                "time": 1470229200,
                "summary": "Mostly Cloudy",
                "icon": "partly-cloudy-day",
                "precipIntensity": 0,
                "precipProbability": 0,
                "temperature": 80.1,
                "apparentTemperature": 82.37,
                "dewPoint": 66.71,
                "humidity": 0.64,
                "windSpeed": 12.87,
                "windBearing": 227,
                "cloudCover": 0.67,
                "pressure": 1014.06,
                "ozone": 300.2
            },
            {
                "time": 1470232800,
                "summary": "Partly Cloudy",
                "icon": "partly-cloudy-day",
                "precipIntensity": 0,
                "precipProbability": 0,
                "temperature": 82.52,
                "apparentTemperature": 85.48,
                "dewPoint": 67.87,
                "humidity": 0.61,
                "windSpeed": 12.75,
                "windBearing": 228,
                "cloudCover": 0.41,
                "pressure": 1013.61,
                "ozone": 299.7
            },
            {
                "time": 1470236400,
                "summary": "Partly Cloudy",
                "icon": "partly-cloudy-day",
                "precipIntensity": 0,
                "precipProbability": 0,
                "temperature": 83.67,
                "apparentTemperature": 87.18,
                "dewPoint": 68.65,
                "humidity": 0.61,
                "windSpeed": 12.46,
                "windBearing": 229,
                "cloudCover": 0.29,
                "pressure": 1013.23,
                "ozone": 299.12
            },
            {
                "time": 1470240000,
                "summary": "Partly Cloudy",
                "icon": "partly-cloudy-day",
                "precipIntensity": 0,
                "precipProbability": 0,
                "temperature": 82.36,
                "apparentTemperature": 85.55,
                "dewPoint": 68.47,
                "humidity": 0.63,
                "windSpeed": 11.86,
                "windBearing": 230,
                "cloudCover": 0.42,
                "pressure": 1012.99,
                "ozone": 298.44
            },
            {
                "time": 1470243600,
                "summary": "Mostly Cloudy",
                "icon": "partly-cloudy-day",
                "precipIntensity": 0,
                "precipProbability": 0,
                "temperature": 79.68,
                "apparentTemperature": 79.68,
                "dewPoint": 67.76,
                "humidity": 0.67,
                "windSpeed": 10.85,
                "windBearing": 230,
                "cloudCover": 0.68,
                "pressure": 1012.82,
                "ozone": 297.68
            },
            {
                "time": 1470247200,
                "summary": "Mostly Cloudy",
                "icon": "partly-cloudy-day",
                "precipIntensity": 0,
                "precipProbability": 0,
                "temperature": 77.39,
                "apparentTemperature": 77.39,
                "dewPoint": 67.24,
                "humidity": 0.71,
                "windSpeed": 9.91,
                "windBearing": 230,
                "cloudCover": 0.88,
                "pressure": 1012.76,
                "ozone": 297.02
            },
            {
                "time": 1470250800,
                "summary": "Overcast",
                "icon": "cloudy",
                "precipIntensity": 0,
                "precipProbability": 0,
                "temperature": 75.63,
                "apparentTemperature": 75.63,
                "dewPoint": 66.82,
                "humidity": 0.74,
                "windSpeed": 9.32,
                "windBearing": 231,
                "cloudCover": 0.96,
                "pressure": 1012.86,
                "ozone": 296.48
            },
            {
                "time": 1470254400,
                "summary": "Overcast",
                "icon": "cloudy",
                "precipIntensity": 0,
                "precipProbability": 0,
                "temperature": 74.89,
                "apparentTemperature": 74.89,
                "dewPoint": 67.31,
                "humidity": 0.77,
                "windSpeed": 8.82,
                "windBearing": 232,
                "cloudCover": 0.98,
                "pressure": 1013.07,
                "ozone": 296.04
            },
            {
                "time": 1470258000,
                "summary": "Overcast",
                "icon": "cloudy",
                "precipIntensity": 0,
                "precipProbability": 0,
                "temperature": 74.25,
                "apparentTemperature": 74.25,
                "dewPoint": 67.88,
                "humidity": 0.81,
                "windSpeed": 8.44,
                "windBearing": 234,
                "cloudCover": 0.99,
                "pressure": 1013.23,
                "ozone": 295.8
            },
            {
                "time": 1470261600,
                "summary": "Overcast",
                "icon": "cloudy",
                "precipIntensity": 0.001,
                "precipProbability": 0.01,
                "precipType": "rain",
                "temperature": 72.75,
                "apparentTemperature": 72.75,
                "dewPoint": 67.63,
                "humidity": 0.84,
                "windSpeed": 8.4,
                "windBearing": 239,
                "cloudCover": 1,
                "pressure": 1013.3,
                "ozone": 295.75
            },
            {
                "time": 1470265200,
                "summary": "Overcast",
                "icon": "cloudy",
                "precipIntensity": 0.0013,
                "precipProbability": 0.02,
                "precipType": "rain",
                "temperature": 70.88,
                "apparentTemperature": 70.88,
                "dewPoint": 66.9,
                "humidity": 0.87,
                "windSpeed": 8.38,
                "windBearing": 243,
                "cloudCover": 1,
                "pressure": 1013.3,
                "ozone": 295.89
            },
            {
                "time": 1470268800,
                "summary": "Overcast",
                "icon": "cloudy",
                "precipIntensity": 0.0018,
                "precipProbability": 0.04,
                "precipType": "rain",
                "temperature": 68.92,
                "apparentTemperature": 68.92,
                "dewPoint": 65.86,
                "humidity": 0.9,
                "windSpeed": 8.35,
                "windBearing": 247,
                "cloudCover": 0.99,
                "pressure": 1013.25,
                "ozone": 296.32
            },
            {
                "time": 1470272400,
                "summary": "Overcast",
                "icon": "cloudy",
                "precipIntensity": 0.0028,
                "precipProbability": 0.08,
                "precipType": "rain",
                "temperature": 67.37,
                "apparentTemperature": 67.37,
                "dewPoint": 65.05,
                "humidity": 0.92,
                "windSpeed": 7.67,
                "windBearing": 249,
                "cloudCover": 0.99,
                "pressure": 1013.11,
                "ozone": 297.11
            },
            {
                "time": 1470276000,
                "summary": "Overcast",
                "icon": "cloudy",
                "precipIntensity": 0.0045,
                "precipProbability": 0.16,
                "precipType": "rain",
                "temperature": 65.18,
                "apparentTemperature": 65.18,
                "dewPoint": 63.48,
                "humidity": 0.94,
                "windSpeed": 6.69,
                "windBearing": 252,
                "cloudCover": 0.99,
                "pressure": 1012.91,
                "ozone": 298.19
            },
            {
                "time": 1470279600,
                "summary": "Drizzle",
                "icon": "rain",
                "precipIntensity": 0.0061,
                "precipProbability": 0.24,
                "precipType": "rain",
                "temperature": 63.08,
                "apparentTemperature": 63.08,
                "dewPoint": 61.71,
                "humidity": 0.95,
                "windSpeed": 5.68,
                "windBearing": 255,
                "cloudCover": 0.98,
                "pressure": 1012.8,
                "ozone": 299.52
            },
            {
                "time": 1470283200,
                "summary": "Drizzle",
                "icon": "rain",
                "precipIntensity": 0.0072,
                "precipProbability": 0.3,
                "precipType": "rain",
                "temperature": 61.52,
                "apparentTemperature": 61.52,
                "dewPoint": 60.18,
                "humidity": 0.95,
                "windSpeed": 4.99,
                "windBearing": 257,
                "cloudCover": 0.98,
                "pressure": 1012.86,
                "ozone": 301.36
            },
            {
                "time": 1470286800,
                "summary": "Drizzle",
                "icon": "rain",
                "precipIntensity": 0.0082,
                "precipProbability": 0.36,
                "precipType": "rain",
                "temperature": 59.66,
                "apparentTemperature": 59.66,
                "dewPoint": 58.09,
                "humidity": 0.95,
                "windSpeed": 3.54,
                "windBearing": 270,
                "cloudCover": 0.98,
                "pressure": 1013.01,
                "ozone": 303.45
            },
            {
                "time": 1470290400,
                "summary": "Drizzle",
                "icon": "rain",
                "precipIntensity": 0.0082,
                "precipProbability": 0.36,
                "precipType": "rain",
                "temperature": 59.7,
                "apparentTemperature": 59.7,
                "dewPoint": 57.62,
                "humidity": 0.93,
                "windSpeed": 3.34,
                "windBearing": 272,
                "cloudCover": 0.98,
                "pressure": 1013.15,
                "ozone": 304.91
            },
            {
                "time": 1470294000,
                "summary": "Drizzle",
                "icon": "rain",
                "precipIntensity": 0.008,
                "precipProbability": 0.35,
                "precipType": "rain",
                "temperature": 60.25,
                "apparentTemperature": 60.25,
                "dewPoint": 57.17,
                "humidity": 0.9,
                "windSpeed": 3.28,
                "windBearing": 277,
                "cloudCover": 0.99,
                "pressure": 1013.26,
                "ozone": 305.13
            },
            {
                "time": 1470297600,
                "summary": "Drizzle",
                "icon": "rain",
                "precipIntensity": 0.0078,
                "precipProbability": 0.34,
                "precipType": "rain",
                "temperature": 61.24,
                "apparentTemperature": 61.24,
                "dewPoint": 56.8,
                "humidity": 0.85,
                "windSpeed": 3.36,
                "windBearing": 280,
                "cloudCover": 0.99,
                "pressure": 1013.36,
                "ozone": 304.73
            },
            {
                "time": 1470301200,
                "summary": "Drizzle",
                "icon": "rain",
                "precipIntensity": 0.0085,
                "precipProbability": 0.38,
                "precipType": "rain",
                "temperature": 62.3,
                "apparentTemperature": 62.3,
                "dewPoint": 56.7,
                "humidity": 0.82,
                "windSpeed": 3.43,
                "windBearing": 281,
                "cloudCover": 1,
                "pressure": 1013.45,
                "ozone": 304.61
            },
            {
                "time": 1470304800,
                "summary": "Light Rain",
                "icon": "rain",
                "precipIntensity": 0.0113,
                "precipProbability": 0.44,
                "precipType": "rain",
                "temperature": 63.29,
                "apparentTemperature": 63.29,
                "dewPoint": 57.08,
                "humidity": 0.8,
                "windSpeed": 3.35,
                "windBearing": 276,
                "cloudCover": 1,
                "pressure": 1013.52,
                "ozone": 305.23
            },
            {
                "time": 1470308400,
                "summary": "Light Rain",
                "icon": "rain",
                "precipIntensity": 0.0148,
                "precipProbability": 0.46,
                "precipType": "rain",
                "temperature": 64.24,
                "apparentTemperature": 64.24,
                "dewPoint": 57.78,
                "humidity": 0.8,
                "windSpeed": 3.27,
                "windBearing": 268,
                "cloudCover": 1,
                "pressure": 1013.56,
                "ozone": 306.13
            },
            {
                "time": 1470312000,
                "summary": "Light Rain",
                "icon": "rain",
                "precipIntensity": 0.0167,
                "precipProbability": 0.47,
                "precipType": "rain",
                "temperature": 65.09,
                "apparentTemperature": 65.09,
                "dewPoint": 58.45,
                "humidity": 0.79,
                "windSpeed": 3.51,
                "windBearing": 259,
                "cloudCover": 1,
                "pressure": 1013.61,
                "ozone": 306.89
            },
            {
                "time": 1470315600,
                "summary": "Light Rain",
                "icon": "rain",
                "precipIntensity": 0.0155,
                "precipProbability": 0.47,
                "precipType": "rain",
                "temperature": 65.9,
                "apparentTemperature": 65.9,
                "dewPoint": 59.01,
                "humidity": 0.78,
                "windSpeed": 4.39,
                "windBearing": 251,
                "cloudCover": 1,
                "pressure": 1013.68,
                "ozone": 306.95
            }
        ]
    },
    "daily": {
        "summary": "Light rain throughout the week, with temperatures bottoming out at 73°F on Thursday.",
        "icon": "rain",
        "data": [
            {
                "time": 1470088800,
                "summary": "Light rain until evening.",
                "icon": "rain",
                "sunriseTime": 1470112014,
                "sunsetTime": 1470166154,
                "moonPhase": 0.98,
                "precipIntensity": 0.0094,
                "precipIntensityMax": 0.0288,
                "precipIntensityMaxTime": 1470139200,
                "precipProbability": 0.53,
                "precipType": "rain",
                "temperatureMin": 60.72,
                "temperatureMinTime": 1470106800,
                "temperatureMax": 74.63,
                "temperatureMaxTime": 1470157200,
                "apparentTemperatureMin": 60.72,
                "apparentTemperatureMinTime": 1470106800,
                "apparentTemperatureMax": 74.63,
                "apparentTemperatureMaxTime": 1470157200,
                "dewPoint": 58.75,
                "humidity": 0.76,
                "windSpeed": 8.08,
                "windBearing": 230,
                "visibility": 5.88,
                "cloudCover": 0.81,
                "pressure": 1017.24,
                "ozone": 306.82
            },
            {
                "time": 1470175200,
                "summary": "Mostly cloudy throughout the day.",
                "icon": "partly-cloudy-day",
                "sunriseTime": 1470198496,
                "sunsetTime": 1470252464,
                "moonPhase": 0.02,
                "precipIntensity": 0.0013,
                "precipIntensityMax": 0.0031,
                "precipIntensityMaxTime": 1470175200,
                "precipProbability": 0.1,
                "precipType": "rain",
                "temperatureMin": 64.04,
                "temperatureMinTime": 1470196800,
                "temperatureMax": 83.67,
                "temperatureMaxTime": 1470236400,
                "apparentTemperatureMin": 64.04,
                "apparentTemperatureMinTime": 1470196800,
                "apparentTemperatureMax": 87.18,
                "apparentTemperatureMaxTime": 1470236400,
                "dewPoint": 64.53,
                "humidity": 0.79,
                "windSpeed": 10.29,
                "windBearing": 228,
                "cloudCover": 0.74,
                "pressure": 1014.81,
                "ozone": 298.73
            },
            {
                "time": 1470261600,
                "summary": "Light rain until evening.",
                "icon": "rain",
                "sunriseTime": 1470284978,
                "sunsetTime": 1470338773,
                "moonPhase": 0.06,
                "precipIntensity": 0.0072,
                "precipIntensityMax": 0.0167,
                "precipIntensityMaxTime": 1470312000,
                "precipProbability": 0.47,
                "precipType": "rain",
                "temperatureMin": 59.66,
                "temperatureMinTime": 1470286800,
                "temperatureMax": 72.75,
                "temperatureMaxTime": 1470261600,
                "apparentTemperatureMin": 59.66,
                "apparentTemperatureMinTime": 1470286800,
                "apparentTemperatureMax": 72.75,
                "apparentTemperatureMaxTime": 1470261600,
                "dewPoint": 60.12,
                "humidity": 0.85,
                "windSpeed": 5.37,
                "windBearing": 255,
                "cloudCover": 0.99,
                "pressure": 1013.54,
                "ozone": 307.1
            },
            {
                "time": 1470348000,
                "summary": "Partly cloudy overnight.",
                "icon": "partly-cloudy-night",
                "sunriseTime": 1470371461,
                "sunsetTime": 1470425079,
                "moonPhase": 0.09,
                "precipIntensity": 0.0005,
                "precipIntensityMax": 0.0009,
                "precipIntensityMaxTime": 1470405600,
                "precipProbability": 0.01,
                "precipType": "rain",
                "temperatureMin": 53.54,
                "temperatureMinTime": 1470355200,
                "temperatureMax": 74.92,
                "temperatureMaxTime": 1470409200,
                "apparentTemperatureMin": 53.54,
                "apparentTemperatureMinTime": 1470355200,
                "apparentTemperatureMax": 74.92,
                "apparentTemperatureMaxTime": 1470409200,
                "dewPoint": 55.61,
                "humidity": 0.79,
                "windSpeed": 7.27,
                "windBearing": 279,
                "cloudCover": 0.24,
                "pressure": 1019.78,
                "ozone": 323.78
            },
            {
                "time": 1470434400,
                "summary": "Partly cloudy in the morning.",
                "icon": "partly-cloudy-night",
                "sunriseTime": 1470457944,
                "sunsetTime": 1470511385,
                "moonPhase": 0.12,
                "precipIntensity": 0,
                "precipIntensityMax": 0,
                "precipProbability": 0,
                "temperatureMin": 55.13,
                "temperatureMinTime": 1470456000,
                "temperatureMax": 78.53,
                "temperatureMaxTime": 1470495600,
                "apparentTemperatureMin": 55.13,
                "apparentTemperatureMinTime": 1470456000,
                "apparentTemperatureMax": 78.53,
                "apparentTemperatureMaxTime": 1470495600,
                "dewPoint": 55.87,
                "humidity": 0.75,
                "windSpeed": 3.89,
                "windBearing": 326,
                "cloudCover": 0.16,
                "pressure": 1026.51,
                "ozone": 295.18
            },
            {
                "time": 1470520800,
                "summary": "Clear throughout the day.",
                "icon": "clear-day",
                "sunriseTime": 1470544428,
                "sunsetTime": 1470597688,
                "moonPhase": 0.15,
                "precipIntensity": 0,
                "precipIntensityMax": 0,
                "precipProbability": 0,
                "temperatureMin": 57.21,
                "temperatureMinTime": 1470531600,
                "temperatureMax": 82.11,
                "temperatureMaxTime": 1470582000,
                "apparentTemperatureMin": 57.21,
                "apparentTemperatureMinTime": 1470531600,
                "apparentTemperatureMax": 83.17,
                "apparentTemperatureMaxTime": 1470582000,
                "dewPoint": 57.46,
                "humidity": 0.7,
                "windSpeed": 5.86,
                "windBearing": 17,
                "cloudCover": 0,
                "pressure": 1027.59,
                "ozone": 287.25
            },
            {
                "time": 1470607200,
                "summary": "Clear throughout the day.",
                "icon": "clear-day",
                "sunriseTime": 1470630911,
                "sunsetTime": 1470683991,
                "moonPhase": 0.18,
                "precipIntensity": 0,
                "precipIntensityMax": 0,
                "precipProbability": 0,
                "temperatureMin": 60.76,
                "temperatureMinTime": 1470618000,
                "temperatureMax": 83.88,
                "temperatureMaxTime": 1470668400,
                "apparentTemperatureMin": 60.76,
                "apparentTemperatureMinTime": 1470618000,
                "apparentTemperatureMax": 85.43,
                "apparentTemperatureMaxTime": 1470668400,
                "dewPoint": 61.76,
                "humidity": 0.75,
                "windSpeed": 6.69,
                "windBearing": 21,
                "cloudCover": 0,
                "pressure": 1023.73,
                "ozone": 284.96
            },
            {
                "time": 1470693600,
                "summary": "Light rain starting in the afternoon.",
                "icon": "rain",
                "sunriseTime": 1470717396,
                "sunsetTime": 1470770291,
                "moonPhase": 0.21,
                "precipIntensity": 0.0075,
                "precipIntensityMax": 0.0339,
                "precipIntensityMaxTime": 1470765600,
                "precipProbability": 0.54,
                "precipType": "rain",
                "temperatureMin": 60.3,
                "temperatureMinTime": 1470711600,
                "temperatureMax": 81.83,
                "temperatureMaxTime": 1470747600,
                "apparentTemperatureMin": 60.3,
                "apparentTemperatureMinTime": 1470711600,
                "apparentTemperatureMax": 83.08,
                "apparentTemperatureMaxTime": 1470747600,
                "dewPoint": 61.05,
                "humidity": 0.75,
                "windSpeed": 4.33,
                "windBearing": 2,
                "cloudCover": 0.22,
                "pressure": 1017.59,
                "ozone": 285.92
            }
        ]
    },
    "flags": {
        "sources": [
            "gfs",
            "cmc",
            "fnmoc",
            "metno_ne",
            "metno_ce",
            "isd",
            "madis"
        ],
        "metno-license": "Based on data from the Norwegian Meteorological Institute. (http://api.met.no/)",
        "isd-stations": [
            "071470-99999",
            "071490-99999",
            "071500-99999",
            "071540-99999",
            "071560-99999"
        ],
        "madis-stations": [
            "LFPB",
            "LFPC",
            "LFPG",
            "LFPM",
            "LFPO",
            "LFPT",
            "LFPV"
        ],
        "units": "us"
    }
}
