{
  "latitude": 48.8568,
  "longitude": 2.35108,
  "timezone": "Europe/Paris",
  "offset": 2,
  "currently": {
    "time": 1470409744,
    "summary": "Clear",
    "icon": "clear-day",
    "precipIntensity": 0.0009,
    "precipProbability": 0.01,
    "precipType": "rain",
    "temperature": 75.03,
    "apparentTemperature": 75.03,
    "dewPoint": 59.86,
    "humidity": 0.59,
    "windSpeed": 10.08,
    "windBearing": 290,
    "cloudCover": 0.1,
    "pressure": 1021.44,
    "ozone": 309.43
  },
  "hourly": {
    "summary": "Partly cloudy until morning.",
    "icon": "partly-cloudy-night",
    "data": [
      {
        "time": 1470348000,
        "summary": "Mostly Cloudy",
        "icon": "partly-cloudy-night",
        "precipIntensity": 0.0009,
        "precipProbability": 0.01,
        "precipType": "rain",
        "temperature": 60.7,
        "apparentTemperature": 60.7,
        "dewPoint": 57.69,
        "humidity": 0.9,
        "windSpeed": 5.88,
        "windBearing": 260,
        "cloudCover": 0.79,
        "pressure": 1015.65,
        "ozone": 330.75
      },
      {
        "time": 1470351600,
        "summary": "Mostly Cloudy",
        "icon": "partly-cloudy-night",
        "precipIntensity": 0.0008,
        "precipProbability": 0.01,
        "precipType": "rain",
        "temperature": 57.66,
        "apparentTemperature": 57.66,
        "dewPoint": 55.01,
        "humidity": 0.91,
        "windSpeed": 5.5,
        "windBearing": 257,
        "cloudCover": 0.68,
        "pressure": 1016.03,
        "ozone": 331.22
      },
      {
        "time": 1470355200,
        "summary": "Partly Cloudy",
        "icon": "partly-cloudy-night",
        "precipIntensity": 0,
        "precipProbability": 0,
        "temperature": 53.99,
        "apparentTemperature": 53.99,
        "dewPoint": 51.69,
        "humidity": 0.92,
        "windSpeed": 5.14,
        "windBearing": 254,
        "cloudCover": 0.57,
        "pressure": 1016.4,
        "ozone": 331.7
      },
      {
        "time": 1470358800,
        "summary": "Partly Cloudy",
        "icon": "partly-cloudy-night",
        "precipIntensity": 0,
        "precipProbability": 0,
        "temperature": 53.07,
        "apparentTemperature": 53.07,
        "dewPoint": 51.08,
        "humidity": 0.93,
        "windSpeed": 5.3,
        "windBearing": 257,
        "cloudCover": 0.43,
        "pressure": 1016.63,
        "ozone": 335.09
      },
      {
        "time": 1470362400,
        "summary": "Partly Cloudy",
        "icon": "partly-cloudy-night",
        "precipIntensity": 0,
        "precipProbability": 0,
        "temperature": 54.66,
        "apparentTemperature": 54.66,
        "dewPoint": 52.97,
        "humidity": 0.94,
        "windSpeed": 5.73,
        "windBearing": 262,
        "cloudCover": 0.29,
        "pressure": 1016.84,
        "ozone": 339.48
      },
      {
        "time": 1470366000,
        "summary": "Clear",
        "icon": "clear-night",
        "precipIntensity": 0,
        "precipProbability": 0,
        "temperature": 55.85,
        "apparentTemperature": 55.85,
        "dewPoint": 54.3,
        "humidity": 0.95,
        "windSpeed": 6.18,
        "windBearing": 265,
        "cloudCover": 0.18,
        "pressure": 1017.15,
        "ozone": 342.1
      },
      {
        "time": 1470369600,
        "summary": "Clear",
        "icon": "clear-night",
        "precipIntensity": 0,
        "precipProbability": 0,
        "temperature": 55.6,
        "apparentTemperature": 55.6,
        "dewPoint": 54.05,
        "humidity": 0.95,
        "windSpeed": 6.47,
        "windBearing": 265,
        "cloudCover": 0.13,
        "pressure": 1017.6,
        "ozone": 341.38
      },
      {
        "time": 1470373200,
        "summary": "Clear",
        "icon": "clear-day",
        "precipIntensity": 0,
        "precipProbability": 0,
        "temperature": 55.34,
        "apparentTemperature": 55.34,
        "dewPoint": 53.61,
        "humidity": 0.94,
        "windSpeed": 6.75,
        "windBearing": 265,
        "cloudCover": 0.11,
        "pressure": 1018.12,
        "ozone": 338.89
      },
      {
        "time": 1470376800,
        "summary": "Clear",
        "icon": "clear-day",
        "precipIntensity": 0,
        "precipProbability": 0,
        "temperature": 55.54,
        "apparentTemperature": 55.54,
        "dewPoint": 53.16,
        "humidity": 0.92,
        "windSpeed": 7.11,
        "windBearing": 266,
        "cloudCover": 0.09,
        "pressure": 1018.63,
        "ozone": 336.6
      },
      {
        "time": 1470380400,
        "summary": "Clear",
        "icon": "clear-day",
        "precipIntensity": 0,
        "precipProbability": 0,
        "temperature": 57.08,
        "apparentTemperature": 57.08,
        "dewPoint": 53.14,
        "humidity": 0.87,
        "windSpeed": 7.65,
        "windBearing": 270,
        "cloudCover": 0.05,
        "pressure": 1019.13,
        "ozone": 335.55
      },
      {
        "time": 1470384000,
        "summary": "Clear",
        "icon": "clear-day",
        "precipIntensity": 0,
        "precipProbability": 0,
        "temperature": 59.96,
        "apparentTemperature": 59.96,
        "dewPoint": 53.75,
        "humidity": 0.8,
        "windSpeed": 8.26,
        "windBearing": 275,
        "cloudCover": 0,
        "pressure": 1019.63,
        "ozone": 334.7
      },
      {
        "time": 1470387600,
        "summary": "Clear",
        "icon": "clear-day",
        "precipIntensity": 0,
        "precipProbability": 0,
        "temperature": 63.07,
        "apparentTemperature": 63.07,
        "dewPoint": 54.63,
        "humidity": 0.74,
        "windSpeed": 8.72,
        "windBearing": 278,
        "cloudCover": 0,
        "pressure": 1020.07,
        "ozone": 332.9
      },
      {
        "time": 1470391200,
        "summary": "Clear",
        "icon": "clear-day",
        "precipIntensity": 0,
        "precipProbability": 0,
        "temperature": 65.91,
        "apparentTemperature": 65.91,
        "dewPoint": 55.8,
        "humidity": 0.7,
        "windSpeed": 9.04,
        "windBearing": 279,
        "cloudCover": 0.08,
        "pressure": 1020.42,
        "ozone": 329.41
      },
      {
        "time": 1470394800,
        "summary": "Clear",
        "icon": "clear-day",
        "precipIntensity": 0,
        "precipProbability": 0,
        "temperature": 68.82,
        "apparentTemperature": 68.82,
        "dewPoint": 57.37,
        "humidity": 0.67,
        "windSpeed": 9.31,
        "windBearing": 279,
        "cloudCover": 0.21,
        "pressure": 1020.71,
        "ozone": 324.99
      },
      {
        "time": 1470398400,
        "summary": "Partly Cloudy",
        "icon": "partly-cloudy-day",
        "precipIntensity": 0.0008,
        "precipProbability": 0.01,
        "precipType": "rain",
        "temperature": 71.1,
        "apparentTemperature": 71.1,
        "dewPoint": 58.49,
        "humidity": 0.64,
        "windSpeed": 9.54,
        "windBearing": 280,
        "cloudCover": 0.28,
        "pressure": 1020.95,
        "ozone": 320.7
      },
      {
        "time": 1470402000,
        "summary": "Partly Cloudy",
        "icon": "partly-cloudy-day",
        "precipIntensity": 0.0009,
        "precipProbability": 0.01,
        "precipType": "rain",
        "temperature": 73.23,
        "apparentTemperature": 73.23,
        "dewPoint": 59.36,
        "humidity": 0.62,
        "windSpeed": 9.92,
        "windBearing": 283,
        "cloudCover": 0.25,
        "pressure": 1021.12,
        "ozone": 316.78
      },
      {
        "time": 1470405600,
        "summary": "Clear",
        "icon": "clear-day",
        "precipIntensity": 0.0009,
        "precipProbability": 0.01,
        "precipType": "rain",
        "temperature": 74.74,
        "apparentTemperature": 74.74,
        "dewPoint": 59.75,
        "humidity": 0.6,
        "windSpeed": 10.28,
        "windBearing": 286,
        "cloudCover": 0.17,
        "pressure": 1021.25,
        "ozone": 313
      },
      {
        "time": 1470409200,
        "summary": "Clear",
        "icon": "clear-day",
        "precipIntensity": 0.0009,
        "precipProbability": 0.01,
        "precipType": "rain",
        "temperature": 75.11,
        "apparentTemperature": 75.11,
        "dewPoint": 59.81,
        "humidity": 0.59,
        "windSpeed": 10.21,
        "windBearing": 289,
        "cloudCover": 0.11,
        "pressure": 1021.41,
        "ozone": 309.8
      },
      {
        "time": 1470412800,
        "summary": "Clear",
        "icon": "clear-day",
        "precipIntensity": 0.0009,
        "precipProbability": 0.01,
        "precipType": "rain",
        "temperature": 74.59,
        "apparentTemperature": 74.59,
        "dewPoint": 60.14,
        "humidity": 0.61,
        "windSpeed": 9.36,
        "windBearing": 292,
        "cloudCover": 0.07,
        "pressure": 1021.62,
        "ozone": 307.37
      },
      {
        "time": 1470416400,
        "summary": "Clear",
        "icon": "clear-day",
        "precipIntensity": 0.0008,
        "precipProbability": 0.01,
        "precipType": "rain",
        "temperature": 73.09,
        "apparentTemperature": 73.09,
        "dewPoint": 60.24,
        "humidity": 0.64,
        "windSpeed": 8.05,
        "windBearing": 296,
        "cloudCover": 0.06,
        "pressure": 1021.89,
        "ozone": 305.52
      },
      {
        "time": 1470420000,
        "summary": "Clear",
        "icon": "clear-day",
        "precipIntensity": 0,
        "precipProbability": 0,
        "temperature": 70.73,
        "apparentTemperature": 70.73,
        "dewPoint": 59.82,
        "humidity": 0.68,
        "windSpeed": 6.94,
        "windBearing": 300,
        "cloudCover": 0.09,
        "pressure": 1022.25,
        "ozone": 304.1
      },
      {
        "time": 1470423600,
        "summary": "Clear",
        "icon": "clear-day",
        "precipIntensity": 0,
        "precipProbability": 0,
        "temperature": 67.23,
        "apparentTemperature": 67.23,
        "dewPoint": 58.72,
        "humidity": 0.74,
        "windSpeed": 6.34,
        "windBearing": 305,
        "cloudCover": 0.22,
        "pressure": 1022.76,
        "ozone": 303.28
      },
      {
        "time": 1470427200,
        "summary": "Partly Cloudy",
        "icon": "partly-cloudy-night",
        "precipIntensity": 0,
        "precipProbability": 0,
        "temperature": 63.36,
        "apparentTemperature": 63.36,
        "dewPoint": 57.4,
        "humidity": 0.81,
        "windSpeed": 5.96,
        "windBearing": 310,
        "cloudCover": 0.41,
        "pressure": 1023.35,
        "ozone": 302.9
      },
      {
        "time": 1470430800,
        "summary": "Partly Cloudy",
        "icon": "partly-cloudy-night",
        "precipIntensity": 0,
        "precipProbability": 0,
        "temperature": 60.23,
        "apparentTemperature": 60.23,
        "dewPoint": 56.15,
        "humidity": 0.86,
        "windSpeed": 5.62,
        "windBearing": 314,
        "cloudCover": 0.55,
        "pressure": 1023.87,
        "ozone": 302.3
      }
    ]
  },
  "daily": {
    "data": [
      {
        "time": 1470348000,
        "summary": "Partly cloudy overnight.",
        "icon": "partly-cloudy-night",
        "sunriseTime": 1470371461,
        "sunsetTime": 1470425080,
        "moonPhase": 0.09,
        "precipIntensity": 0.0005,
        "precipIntensityMax": 0.0009,
        "precipIntensityMaxTime": 1470348000,
        "precipProbability": 0.01,
        "precipType": "rain",
        "temperatureMin": 53.07,
        "temperatureMinTime": 1470358800,
        "temperatureMax": 75.11,
        "temperatureMaxTime": 1470409200,
        "apparentTemperatureMin": 53.07,
        "apparentTemperatureMinTime": 1470358800,
        "apparentTemperatureMax": 75.11,
        "apparentTemperatureMaxTime": 1470409200,
        "dewPoint": 56.17,
        "humidity": 0.79,
        "windSpeed": 7.19,
        "windBearing": 280,
        "cloudCover": 0.24,
        "pressure": 1019.73,
        "ozone": 323.77
      }
    ]
  },
  "flags": {
    "sources": [
      "gfs",
      "cmc",
      "fnmoc",
      "isd"
    ],
    "isd-stations": [
      "071470-99999",
      "071490-99999",
      "071500-99999",
      "071540-99999",
      "071560-99999"
    ],
    "units": "us"
  }
}
