{
  "latitude": 48.8568,
  "longitude": 2.35108,
  "timezone": "Europe/Paris",
  "offset": 2,
  "currently": {
    "time": 1470496222,
    "summary": "Clear",
    "icon": "clear-day",
    "precipIntensity": 0,
    "precipProbability": 0,
    "temperature": 78.33,
    "apparentTemperature": 78.33,
    "dewPoint": 59.25,
    "humidity": 0.52,
    "windSpeed": 5.76,
    "windBearing": 338,
    "cloudCover": 0,
    "pressure": 1026.97,
    "ozone": 292.05
  },
  "hourly": {
    "summary": "Partly cloudy until morning.",
    "icon": "partly-cloudy-night",
    "data": [
      {
        "time": 1470434400,
        "summary": "Partly Cloudy",
        "icon": "partly-cloudy-night",
        "precipIntensity": 0,
        "precipProbability": 0,
        "temperature": 61.73,
        "apparentTemperature": 61.73,
        "dewPoint": 58.19,
        "humidity": 0.88,
        "windSpeed": 5.22,
        "windBearing": 312,
        "cloudCover": 0.57,
        "pressure": 1024.19,
        "ozone": 301.07
      },
      {
        "time": 1470438000,
        "summary": "Partly Cloudy",
        "icon": "partly-cloudy-night",
        "precipIntensity": 0,
        "precipProbability": 0,
        "temperature": 58.25,
        "apparentTemperature": 58.25,
        "dewPoint": 55.3,
        "humidity": 0.9,
        "windSpeed": 4.86,
        "windBearing": 310,
        "cloudCover": 0.58,
        "pressure": 1024.51,
        "ozone": 299.83
      },
      {
        "time": 1470441600,
        "summary": "Mostly Cloudy",
        "icon": "partly-cloudy-night",
        "precipIntensity": 0,
        "precipProbability": 0,
        "temperature": 54.02,
        "apparentTemperature": 54.02,
        "dewPoint": 51.66,
        "humidity": 0.92,
        "windSpeed": 4.56,
        "windBearing": 307,
        "cloudCover": 0.6,
        "pressure": 1024.82,
        "ozone": 298.6
      },
      {
        "time": 1470445200,
        "summary": "Partly Cloudy",
        "icon": "partly-cloudy-night",
        "precipIntensity": 0,
        "precipProbability": 0,
        "temperature": 52.71,
        "apparentTemperature": 52.71,
        "dewPoint": 50.63,
        "humidity": 0.93,
        "windSpeed": 4.24,
        "windBearing": 302,
        "cloudCover": 0.52,
        "pressure": 1025.02,
        "ozone": 297.91
      },
      {
        "time": 1470448800,
        "summary": "Partly Cloudy",
        "icon": "partly-cloudy-night",
        "precipIntensity": 0,
        "precipProbability": 0,
        "temperature": 54.27,
        "apparentTemperature": 54.27,
        "dewPoint": 52.33,
        "humidity": 0.93,
        "windSpeed": 3.96,
        "windBearing": 295,
        "cloudCover": 0.4,
        "pressure": 1025.17,
        "ozone": 297.47
      },
      {
        "time": 1470452400,
        "summary": "Partly Cloudy",
        "icon": "partly-cloudy-night",
        "precipIntensity": 0,
        "precipProbability": 0,
        "temperature": 55.66,
        "apparentTemperature": 55.66,
        "dewPoint": 53.72,
        "humidity": 0.93,
        "windSpeed": 3.8,
        "windBearing": 289,
        "cloudCover": 0.3,
        "pressure": 1025.35,
        "ozone": 297.2
      },
      {
        "time": 1470456000,
        "summary": "Clear",
        "icon": "clear-night",
        "precipIntensity": 0,
        "precipProbability": 0,
        "temperature": 55.49,
        "apparentTemperature": 55.49,
        "dewPoint": 53.45,
        "humidity": 0.93,
        "windSpeed": 3.82,
        "windBearing": 285,
        "cloudCover": 0.24,
        "pressure": 1025.59,
        "ozone": 297.21
      },
      {
        "time": 1470459600,
        "summary": "Clear",
        "icon": "clear-day",
        "precipIntensity": 0,
        "precipProbability": 0,
        "temperature": 55.53,
        "apparentTemperature": 55.53,
        "dewPoint": 53.23,
        "humidity": 0.92,
        "windSpeed": 3.91,
        "windBearing": 283,
        "cloudCover": 0.19,
        "pressure": 1025.87,
        "ozone": 297.4
      },
      {
        "time": 1470463200,
        "summary": "Clear",
        "icon": "clear-day",
        "precipIntensity": 0,
        "precipProbability": 0,
        "temperature": 56.15,
        "apparentTemperature": 56.15,
        "dewPoint": 53.12,
        "humidity": 0.9,
        "windSpeed": 3.92,
        "windBearing": 283,
        "cloudCover": 0.15,
        "pressure": 1026.14,
        "ozone": 297.3
      },
      {
        "time": 1470466800,
        "summary": "Clear",
        "icon": "clear-day",
        "precipIntensity": 0,
        "precipProbability": 0,
        "temperature": 58.18,
        "apparentTemperature": 58.18,
        "dewPoint": 53.57,
        "humidity": 0.85,
        "windSpeed": 3.77,
        "windBearing": 283,
        "cloudCover": 0.09,
        "pressure": 1026.42,
        "ozone": 296.6
      },
      {
        "time": 1470470400,
        "summary": "Clear",
        "icon": "clear-day",
        "precipIntensity": 0,
        "precipProbability": 0,
        "temperature": 61.55,
        "apparentTemperature": 61.55,
        "dewPoint": 54.61,
        "humidity": 0.78,
        "windSpeed": 3.7,
        "windBearing": 284,
        "cloudCover": 0.04,
        "pressure": 1026.69,
        "ozone": 295.63
      },
      {
        "time": 1470474000,
        "summary": "Clear",
        "icon": "clear-day",
        "precipIntensity": 0,
        "precipProbability": 0,
        "temperature": 65.3,
        "apparentTemperature": 65.3,
        "dewPoint": 55.81,
        "humidity": 0.71,
        "windSpeed": 3.74,
        "windBearing": 288,
        "cloudCover": 0,
        "pressure": 1026.9,
        "ozone": 294.9
      },
      {
        "time": 1470477600,
        "summary": "Clear",
        "icon": "clear-day",
        "precipIntensity": 0,
        "precipProbability": 0,
        "temperature": 68.6,
        "apparentTemperature": 68.6,
        "dewPoint": 56.6,
        "humidity": 0.66,
        "windSpeed": 3.95,
        "windBearing": 294,
        "cloudCover": 0,
        "pressure": 1027.01,
        "ozone": 294.76
      },
      {
        "time": 1470481200,
        "summary": "Clear",
        "icon": "clear-day",
        "precipIntensity": 0,
        "precipProbability": 0,
        "temperature": 71.52,
        "apparentTemperature": 71.52,
        "dewPoint": 57.02,
        "humidity": 0.6,
        "windSpeed": 4.28,
        "windBearing": 302,
        "cloudCover": 0,
        "pressure": 1027.04,
        "ozone": 294.86
      },
      {
        "time": 1470484800,
        "summary": "Clear",
        "icon": "clear-day",
        "precipIntensity": 0,
        "precipProbability": 0,
        "temperature": 74.09,
        "apparentTemperature": 74.09,
        "dewPoint": 57.5,
        "humidity": 0.56,
        "windSpeed": 4.6,
        "windBearing": 310,
        "cloudCover": 0,
        "pressure": 1027.05,
        "ozone": 294.7
      },
      {
        "time": 1470488400,
        "summary": "Clear",
        "icon": "clear-day",
        "precipIntensity": 0,
        "precipProbability": 0,
        "temperature": 76.33,
        "apparentTemperature": 76.33,
        "dewPoint": 58.12,
        "humidity": 0.53,
        "windSpeed": 4.91,
        "windBearing": 319,
        "cloudCover": 0,
        "pressure": 1027.03,
        "ozone": 293.93
      },
      {
        "time": 1470492000,
        "summary": "Clear",
        "icon": "clear-day",
        "precipIntensity": 0,
        "precipProbability": 0,
        "temperature": 77.97,
        "apparentTemperature": 77.97,
        "dewPoint": 58.67,
        "humidity": 0.52,
        "windSpeed": 5.28,
        "windBearing": 328,
        "cloudCover": 0,
        "pressure": 1026.99,
        "ozone": 292.89
      },
      {
        "time": 1470495600,
        "summary": "Clear",
        "icon": "clear-day",
        "precipIntensity": 0,
        "precipProbability": 0,
        "temperature": 78.42,
        "apparentTemperature": 78.42,
        "dewPoint": 59.09,
        "humidity": 0.52,
        "windSpeed": 5.72,
        "windBearing": 337,
        "cloudCover": 0,
        "pressure": 1026.97,
        "ozone": 292.1
      },
      {
        "time": 1470499200,
        "summary": "Clear",
        "icon": "clear-day",
        "precipIntensity": 0,
        "precipProbability": 0,
        "temperature": 77.93,
        "apparentTemperature": 77.93,
        "dewPoint": 60.02,
        "humidity": 0.54,
        "windSpeed": 5.95,
        "windBearing": 344,
        "cloudCover": 0,
        "pressure": 1026.99,
        "ozone": 291.84
      },
      {
        "time": 1470502800,
        "summary": "Clear",
        "icon": "clear-day",
        "precipIntensity": 0,
        "precipProbability": 0,
        "temperature": 76.22,
        "apparentTemperature": 76.22,
        "dewPoint": 60.67,
        "humidity": 0.59,
        "windSpeed": 5.83,
        "windBearing": 351,
        "cloudCover": 0,
        "pressure": 1027.06,
        "ozone": 291.83
      },
      {
        "time": 1470506400,
        "summary": "Clear",
        "icon": "clear-day",
        "precipIntensity": 0,
        "precipProbability": 0,
        "temperature": 73.59,
        "apparentTemperature": 73.59,
        "dewPoint": 60.34,
        "humidity": 0.63,
        "windSpeed": 5.74,
        "windBearing": 356,
        "cloudCover": 0,
        "pressure": 1027.22,
        "ozone": 291.8
      },
      {
        "time": 1470510000,
        "summary": "Clear",
        "icon": "clear-day",
        "precipIntensity": 0,
        "precipProbability": 0,
        "temperature": 69.9,
        "apparentTemperature": 69.9,
        "dewPoint": 58.77,
        "humidity": 0.68,
        "windSpeed": 5.96,
        "windBearing": 0,
        "cloudCover": 0,
        "pressure": 1027.53,
        "ozone": 291.71
      },
      {
        "time": 1470513600,
        "summary": "Clear",
        "icon": "clear-night",
        "precipIntensity": 0,
        "precipProbability": 0,
        "temperature": 65.7,
        "apparentTemperature": 65.7,
        "dewPoint": 56.65,
        "humidity": 0.73,
        "windSpeed": 6.21,
        "windBearing": 2,
        "cloudCover": 0,
        "pressure": 1027.93,
        "ozone": 291.59
      },
      {
        "time": 1470517200,
        "summary": "Clear",
        "icon": "clear-night",
        "precipIntensity": 0,
        "precipProbability": 0,
        "temperature": 62.32,
        "apparentTemperature": 62.32,
        "dewPoint": 54.95,
        "humidity": 0.77,
        "windSpeed": 6.18,
        "windBearing": 3,
        "cloudCover": 0,
        "pressure": 1028.27,
        "ozone": 291.3
      }
    ]
  },
  "daily": {
    "data": [
      {
        "time": 1470434400,
        "summary": "Partly cloudy in the morning.",
        "icon": "partly-cloudy-night",
        "sunriseTime": 1470457944,
        "sunsetTime": 1470511385,
        "moonPhase": 0.12,
        "precipIntensity": 0,
        "precipIntensityMax": 0,
        "precipProbability": 0,
        "temperatureMin": 52.71,
        "temperatureMinTime": 1470445200,
        "temperatureMax": 78.42,
        "temperatureMaxTime": 1470495600,
        "apparentTemperatureMin": 52.71,
        "apparentTemperatureMinTime": 1470445200,
        "apparentTemperatureMax": 78.42,
        "apparentTemperatureMaxTime": 1470495600,
        "dewPoint": 56,
        "humidity": 0.75,
        "windSpeed": 4.19,
        "windBearing": 319,
        "cloudCover": 0.15,
        "pressure": 1026.41,
        "ozone": 295.18
      }
    ]
  },
  "flags": {
    "sources": [
      "gfs",
      "cmc",
      "fnmoc",
      "isd"
    ],
    "isd-stations": [
      "071470-99999",
      "071490-99999",
      "071500-99999",
      "071540-99999",
      "071560-99999"
    ],
    "units": "us"
  }
}
